PassengerId,Survived,Pclass,Name,Sex,Age,SibSp,Parch,Ticket,Fare,Cabin,Embarked
1,1,2,"Passenger_1, Mrs. Sample Name",female,60.980969092349795,0,1,TICKET_1,20.51228626232037,,S
2,1,3,"Passenger_2, Mrs. Sample Name",female,20.917133616451594,1,1,TICKET_2,6.03078271899447,,S
3,1,3,"Passenger_3, Mr. Sample Name",male,40.46038289413495,0,0,TICKET_3,9.90303148163139,C47,C
4,0,3,"Passenger_4, Mrs. Sample Name",female,,0,0,TICKET_4,11.083777750140403,,C
5,1,1,"Passenger_5, Master. Sample Name",male,48.57524869628257,0,0,TICKET_5,118.40525497402547,C89,S
6,1,1,"Passenger_6, Mr. Sample Name",male,52.34191235253937,0,3,TICKET_6,151.75572014159303,C62,Q
7,1,1,"Passenger_7, Miss. Sample Name",female,30.164060161453616,0,0,TICKET_7,95.72073607667545,,C
8,1,3,"Passenger_8, Mr. Sample Name",male,18.775440879980337,0,1,TICKET_8,9.154449402884275,,S
9,0,3,"Passenger_9, Mr. Sample Name",male,,0,0,TICKET_9,13.297162457149632,C6,C
10,1,3,"Passenger_10, Master. Sample Name",male,19.873127138594462,0,0,TICKET_10,8.929156392884543,,S
11,0,1,"Passenger_11, Mr. Sample Name",male,58.89411508913604,0,0,TICKET_11,0.0,,S
12,1,3,"Passenger_12, Mr. Sample Name",male,31.679762300699693,0,0,TICKET_12,26.103354055474902,C68,S
13,0,3,"Passenger_13, Dr. Sample Name",male,24.402837505974425,1,1,TICKET_13,23.841266349853647,,S
14,1,1,"Passenger_14, Mr. Sample Name",male,,0,1,TICKET_14,243.0667194864477,C56,C
15,1,1,"Passenger_15, Mrs. Sample Name",female,,0,1,TICKET_15,266.4399445182087,,S
16,1,1,"Passenger_16, Mrs. Sample Name",female,15.611596441595552,0,0,TICKET_16,0.0,C9,S
17,1,2,"Passenger_17, Mr. Sample Name",male,47.10600166519417,1,0,TICKET_17,14.969001194317574,,S
18,0,3,"Passenger_18, Mr. Sample Name",male,20.175032954914762,0,0,TICKET_18,43.13847516244171,C33,S
19,0,2,"Passenger_19, Mr. Sample Name",male,14.519790751111875,0,0,TICKET_19,19.39174076626648,C55,S
20,0,2,"Passenger_20, Mr. Sample Name",male,37.481464911645645,1,0,TICKET_20,23.663163538201278,,S
21,1,3,"Passenger_21, Rev. Sample Name",male,46.892710242613454,1,0,TICKET_21,0.0,C4,Q
22,1,1,"Passenger_22, Mr. Sample Name",male,40.12482300464347,0,0,TICKET_22,96.02309052614193,,S
23,1,2,"Passenger_23, Mr. Sample Name",male,44.14269144418434,0,5,TICKET_23,48.97910562138634,,S
24,0,2,"Passenger_24, Mr. Sample Name",male,,1,0,TICKET_24,39.29938715155292,,C
25,0,3,"Passenger_25, Master. Sample Name",male,9.083745332243264,3,0,TICKET_25,5.6801845417774794,,S
26,0,3,"Passenger_26, Mr. Sample Name",male,,1,0,TICKET_26,8.244203601179006,,Q
27,1,1,"Passenger_27, Miss. Sample Name",female,25.02114233678903,0,0,TICKET_27,0.0,,S
28,1,3,"Passenger_28, Mrs. Sample Name",female,26.06292126140181,0,0,TICKET_28,2.7860423170035293,,S
29,0,3,"Passenger_29, Mr. Sample Name",male,48.95881505681134,0,2,TICKET_29,0.0,,Q
30,1,1,"Passenger_30, Miss. Sample Name",female,37.76533513630957,1,1,TICKET_30,77.21442602722058,,S
31,1,3,"Passenger_31, Mr. Sample Name",male,36.31037269518331,0,2,TICKET_31,31.12132815916493,,C
32,1,1,"Passenger_32, Mrs. Sample Name",female,61.092534001065715,0,4,TICKET_32,112.43455392749995,C95,S
33,1,1,"Passenger_33, Mrs. Sample Name",female,20.368985659487926,1,0,TICKET_33,193.2991191972586,C61,C
34,0,3,"Passenger_34, Mr. Sample Name",male,,0,0,TICKET_34,25.878992811111978,,S
35,0,3,"Passenger_35, Master. Sample Name",male,30.526690311007723,1,0,TICKET_35,6.438302925128462,,S
36,1,3,"Passenger_36, Mr. Sample Name",male,33.59458804351723,0,0,TICKET_36,3.8859200631226187,,S
37,1,2,"Passenger_37, Mr. Sample Name",male,,0,0,TICKET_37,9.182231647228166,,S
38,0,1,"Passenger_38, Mr. Sample Name",male,37.06361846619954,0,0,TICKET_38,0.0,C37,S
39,0,3,"Passenger_39, Mr. Sample Name",male,37.50529314621968,1,0,TICKET_39,13.387962793546896,,S
40,1,2,"Passenger_40, Mr. Sample Name",male,45.25135639099213,0,0,TICKET_40,0.0,,S
41,1,1,"Passenger_41, Mrs. Sample Name",female,24.40818542162816,0,0,TICKET_41,131.31324074291086,,S
42,1,3,"Passenger_42, Mrs. Sample Name",female,,2,0,TICKET_42,13.862571228626498,C14,S
43,0,1,"Passenger_43, Mr. Sample Name",male,14.550266686695013,0,0,TICKET_43,121.71518931958721,C23,C
44,1,3,"Passenger_44, Mr. Sample Name",male,1.187829454047975,0,0,TICKET_44,25.684195395377625,,S
45,0,2,"Passenger_45, Mr. Sample Name",male,59.51500338413467,0,0,TICKET_45,22.981918825082804,C13,C
46,0,3,"Passenger_46, Mr. Sample Name",male,13.703478697035594,0,0,TICKET_46,32.57886085185707,C98,S
47,0,2,"Passenger_47, Miss. Sample Name",female,26.491822458006304,0,0,TICKET_47,29.329187164283148,C38,S
48,0,3,"Passenger_48, Mr. Sample Name",male,25.68620715161065,0,0,TICKET_48,3.9144778382073984,,S
49,0,3,"Passenger_49, Mr. Sample Name",male,34.15739711823196,0,1,TICKET_49,10.147467494249453,,C
50,1,1,"Passenger_50, Mr. Sample Name",male,41.5281895818198,0,0,TICKET_50,0.0,C61,Q
51,0,3,"Passenger_51, Mr. Sample Name",male,,0,0,TICKET_51,2.1737147143340074,,S
52,0,3,"Passenger_52, Miss. Sample Name",female,21.245377140750392,0,0,TICKET_52,8.42804312879931,,S
53,1,3,"Passenger_53, Miss. Sample Name",female,,0,0,TICKET_53,19.55528331469199,,S
54,0,3,"Passenger_54, Mr. Sample Name",male,33.797409282080345,0,1,TICKET_54,3.9956676574982684,,S
55,1,3,"Passenger_55, Mr. Sample Name",male,26.093978670338565,0,0,TICKET_55,0.0,C46,S
56,0,3,"Passenger_56, Master. Sample Name",male,53.00651085228989,0,0,TICKET_56,0.0,,S
57,1,1,"Passenger_57, Mrs. Sample Name",female,36.81913679875464,0,0,TICKET_57,36.286598512534546,,S
58,1,1,"Passenger_58, Mrs. Sample Name",female,,1,0,TICKET_58,240.06814418943435,,S
59,1,1,"Passenger_59, Mr. Sample Name",male,39.311778395677486,0,0,TICKET_59,105.68856279176262,,Q
60,0,2,"Passenger_60, Master. Sample Name",male,46.715370933537216,2,0,TICKET_60,34.093691185327685,,S
61,1,2,"Passenger_61, Miss. Sample Name",female,32.32481260120375,2,0,TICKET_61,6.49918651003626,,C
62,1,2,"Passenger_62, Mr. Sample Name",male,10.895936754640225,0,0,TICKET_62,0.0,,S
63,0,3,"Passenger_63, Miss. Sample Name",female,35.495475300413304,0,0,TICKET_63,0.0,,C
64,1,2,"Passenger_64, Master. Sample Name",male,20.255325040018477,0,0,TICKET_64,18.54303336263544,,Q
65,1,2,"Passenger_65, Mr. Sample Name",male,22.035058114628526,1,0,TICKET_65,0.0,C7,S
66,1,3,"Passenger_66, Mr. Sample Name",male,,0,0,TICKET_66,0.9209150030827509,,Q
67,0,1,"Passenger_67, Mr. Sample Name",male,,0,0,TICKET_67,37.09114512229651,,C
68,0,3,"Passenger_68, Mr. Sample Name",male,30.008437862672892,0,0,TICKET_68,0.0,C86,S
69,1,1,"Passenger_69, Mrs. Sample Name",female,34.178078682684976,1,0,TICKET_69,0.0,,C
70,1,3,"Passenger_70, Mr. Sample Name",male,54.38211669721095,1,2,TICKET_70,16.475844378517095,,C
71,0,3,"Passenger_71, Master. Sample Name",male,33.19092110258424,0,0,TICKET_71,13.550457338614779,,S
72,1,1,"Passenger_72, Mr. Sample Name",male,67.42440515561573,0,0,TICKET_72,146.32238941041035,,S
73,1,1,"Passenger_73, Mr. Sample Name",male,37.899889861657385,0,0,TICKET_73,0.0,,S
74,0,3,"Passenger_74, Mr. Sample Name",male,4.168939992240642,0,0,TICKET_74,22.119072916569657,,S
75,0,3,"Passenger_75, Mr. Sample Name",male,40.62345350601572,1,0,TICKET_75,31.351650333842628,C25,S
76,0,3,"Passenger_76, Miss. Sample Name",female,35.226796580800276,0,0,TICKET_76,16.14657678684226,,C
77,1,3,"Passenger_77, Mr. Sample Name",male,48.401414934199806,0,0,TICKET_77,5.680764466640075,,S
78,0,1,"Passenger_78, Master. Sample Name",male,39.4611295934144,0,2,TICKET_78,95.60645196073952,,S
79,1,2,"Passenger_79, Mr. Sample Name",male,27.692388232235277,1,0,TICKET_79,10.133189160566342,C22,S
80,1,1,"Passenger_80, Mrs. Sample Name",female,,1,0,TICKET_80,18.057315385699866,C49,S
81,1,3,"Passenger_81, Mrs. Sample Name",female,26.66916276935263,0,1,TICKET_81,21.199124674039908,,Q
82,1,3,"Passenger_82, Miss. Sample Name",female,17.367453413965148,1,0,TICKET_82,11.331396162553615,,S
83,1,2,"Passenger_83, Mr. Sample Name",male,21.28240997783152,0,2,TICKET_83,38.07643480175044,,S
84,1,1,"Passenger_84, Mr. Sample Name",male,38.23438686409884,0,0,TICKET_84,48.60616086051439,,S
85,1,2,"Passenger_85, Mr. Sample Name",male,53.91361531309539,0,1,TICKET_85,14.882381289949837,C86,C
86,1,2,"Passenger_86, Master. Sample Name",male,35.422737182433224,0,0,TICKET_86,11.502335071527918,,Q
87,0,3,"Passenger_87, Mr. Sample Name",male,12.359695600489825,0,0,TICKET_87,0.0,,Q
88,1,3,"Passenger_88, Mr. Sample Name",male,36.14673868919204,2,2,TICKET_88,22.773098783399092,,S
89,0,3,"Passenger_89, Mr. Sample Name",male,47.051156556361946,0,0,TICKET_89,39.228539975369856,,C
90,0,3,"Passenger_90, Mr. Sample Name",male,,0,0,TICKET_90,8.413273137206179,,C
91,1,1,"Passenger_91, Mrs. Sample Name",female,27.756751083242694,0,0,TICKET_91,29.560324505999503,,S
92,1,3,"Passenger_92, Mr. Sample Name",male,29.912978823573358,0,0,TICKET_92,4.056118195514912,,C
93,0,3,"Passenger_93, Mr. Sample Name",male,18.31897446030752,1,0,TICKET_93,4.843201268795438,,S
94,1,3,"Passenger_94, Mrs. Sample Name",female,39.10006629073595,0,0,TICKET_94,32.79740423488962,,S
95,0,3,"Passenger_95, Mr. Sample Name",male,27.946251845187167,0,0,TICKET_95,4.378233762881303,,S
96,0,3,"Passenger_96, Mrs. Sample Name",female,35.7832204366519,1,0,TICKET_96,5.976798389325522,,S
97,0,3,"Passenger_97, Master. Sample Name",male,16.831363421869547,0,0,TICKET_97,0.0,,S
98,1,2,"Passenger_98, Dr. Sample Name",male,23.35685464531055,0,0,TICKET_98,24.404731607946054,,S
99,1,1,"Passenger_99, Mrs. Sample Name",female,,0,0,TICKET_99,78.62163502792106,,C
100,1,1,"Passenger_100, Miss. Sample Name",female,24.29391929466938,0,0,TICKET_100,0.0,,C
101,1,1,"Passenger_101, Miss. Sample Name",female,54.740975842884374,8,0,TICKET_101,12.57363221455364,,Q
102,0,3,"Passenger_102, Master. Sample Name",male,23.905275308588266,1,0,TICKET_102,31.39520044642669,,S
103,0,2,"Passenger_103, Mr. Sample Name",male,32.957928523402344,0,0,TICKET_103,20.49061634403152,C53,S
104,1,3,"Passenger_104, Mr. Sample Name",male,43.222567062159804,1,0,TICKET_104,14.220224745367572,C17,S
105,1,3,"Passenger_105, Mr. Sample Name",male,,0,0,TICKET_105,14.267845900312736,,S
106,1,2,"Passenger_106, Miss. Sample Name",female,,0,1,TICKET_106,40.91938082316764,,C
107,1,2,"Passenger_107, Mr. Sample Name",male,7.577983438733625,0,0,TICKET_107,4.321784565189343,C79,S
108,0,3,"Passenger_108, Mrs. Sample Name",female,48.00746949969414,0,0,TICKET_108,8.243253757882545,,S
109,0,1,"Passenger_109, Mr. Sample Name",male,21.69805688455952,0,0,TICKET_109,70.48278346699912,,Q
110,1,1,"Passenger_110, Mr. Sample Name",male,66.79388964218965,0,1,TICKET_110,0.0,,S
111,1,2,"Passenger_111, Mr. Sample Name",male,21.518409819467863,2,2,TICKET_111,6.257877251279849,,C
112,1,1,"Passenger_112, Mrs. Sample Name",female,32.37599389635704,0,0,TICKET_112,167.733986182475,,S
113,1,3,"Passenger_113, Mrs. Sample Name",female,52.0605943122342,0,0,TICKET_113,22.12256195596141,,S
114,0,3,"Passenger_114, Miss. Sample Name",female,,0,1,TICKET_114,24.244802501224374,C69,C
115,1,3,"Passenger_115, Mrs. Sample Name",female,59.591801861227765,0,0,TICKET_115,5.930917329623186,,S
116,1,3,"Passenger_116, Miss. Sample Name",female,47.221310343600564,0,0,TICKET_116,7.411657118573962,,S
117,1,3,"Passenger_117, Mrs. Sample Name",female,44.5489066242662,0,0,TICKET_117,0.0,,S
118,1,1,"Passenger_118, Mr. Sample Name",male,38.291640763417156,1,0,TICKET_118,158.55476338530477,C97,S
119,1,3,"Passenger_119, Master. Sample Name",male,40.98623560441625,0,2,TICKET_119,26.15982722519315,,C
120,0,3,"Passenger_120, Mr. Sample Name",male,21.707807113236264,0,5,TICKET_120,26.0070515984273,C70,S
121,1,3,"Passenger_121, Mrs. Sample Name",female,17.836116190376543,0,0,TICKET_121,32.249095041726875,C97,S
122,1,3,"Passenger_122, Miss. Sample Name",female,29.651070367541195,0,0,TICKET_122,18.06530312187887,,S
123,1,2,"Passenger_123, Master. Sample Name",male,27.232322973388538,0,1,TICKET_123,43.35322754820038,,C
124,1,1,"Passenger_124, Miss. Sample Name",female,23.12819328475451,1,0,TICKET_124,67.96203126736972,,S
125,1,1,"Passenger_125, Mrs. Sample Name",female,39.79761798812237,0,0,TICKET_125,0.0,,S
126,1,2,"Passenger_126, Mr. Sample Name",male,43.551925524272406,0,2,TICKET_126,32.91087015860177,C68,Q
127,0,3,"Passenger_127, Mr. Sample Name",male,30.981899851231788,0,0,TICKET_127,0.0,,S
128,1,3,"Passenger_128, Miss. Sample Name",female,51.1241861753013,0,0,TICKET_128,15.042424593920384,,C
129,1,1,"Passenger_129, Mr. Sample Name",male,13.145507845064177,0,0,TICKET_129,160.42590416994045,,S
130,1,3,"Passenger_130, Miss. Sample Name",female,,1,1,TICKET_130,16.891105552422363,,C
131,0,2,"Passenger_131, Mr. Sample Name",male,,0,0,TICKET_131,54.17364605873413,C7,S
132,1,1,"Passenger_132, Mrs. Sample Name",female,2.635219052440629,1,0,TICKET_132,0.0,C71,S
133,1,1,"Passenger_133, Mrs. Sample Name",female,,0,0,TICKET_133,77.37114619712676,,S
134,1,2,"Passenger_134, Miss. Sample Name",female,27.93466112844239,1,0,TICKET_134,20.261831978789836,,S
135,0,3,"Passenger_135, Mr. Sample Name",male,51.6450212770109,0,1,TICKET_135,0.0,,S
136,0,2,"Passenger_136, Miss. Sample Name",female,38.846769426044276,0,0,TICKET_136,2.6940081391357147,,S
137,1,3,"Passenger_137, Mrs. Sample Name",female,14.849291047226528,0,0,TICKET_137,2.8584566700807983,,C
138,1,3,"Passenger_138, Mr. Sample Name",male,56.58434221184573,2,0,TICKET_138,0.0,,C
139,0,2,"Passenger_139, Miss. Sample Name",female,47.40498858511762,0,3,TICKET_139,18.38008024754198,C81,S
140,0,3,"Passenger_140, Mr. Sample Name",male,38.14041670029493,0,0,TICKET_140,5.764421198174083,,C
141,0,3,"Passenger_141, Rev. Sample Name",male,26.415980566677437,0,2,TICKET_141,16.8149006091481,,S
142,1,2,"Passenger_142, Mr. Sample Name",male,,1,0,TICKET_142,29.74145699304594,,S
143,1,3,"Passenger_143, Mr. Sample Name",male,24.30300174696973,0,1,TICKET_143,19.98134751662667,C21,Q
144,0,2,"Passenger_144, Mr. Sample Name",male,45.48685498571069,1,1,TICKET_144,13.848106322228656,,S
145,0,2,"Passenger_145, Mrs. Sample Name",female,,0,0,TICKET_145,24.267134441967084,,S
146,1,1,"Passenger_146, Master. Sample Name",male,52.07703115994674,0,2,TICKET_146,166.81031329413864,,S
147,1,3,"Passenger_147, Mrs. Sample Name",female,22.611683384099024,0,0,TICKET_147,18.34677497532988,C26,S
148,1,3,"Passenger_148, Mr. Sample Name",male,13.465547217309336,2,0,TICKET_148,35.30773233332104,,S
149,1,1,"Passenger_149, Mr. Sample Name",male,31.742850580212455,0,0,TICKET_149,162.57431894133504,,C
150,0,2,"Passenger_150, Mr. Sample Name",male,4.057629199338649,2,0,TICKET_150,45.77610608972692,,S
151,1,3,"Passenger_151, Mrs. Sample Name",female,34.38593185567933,0,0,TICKET_151,0.0,,S
152,1,1,"Passenger_152, Mr. Sample Name",male,27.559762498669304,0,0,TICKET_152,91.73408969121859,,S
153,0,1,"Passenger_153, Mr. Sample Name",male,22.942470722910485,0,0,TICKET_153,58.085399923822536,C54,C
154,0,3,"Passenger_154, Mrs. Sample Name",female,6.576805524631464,0,0,TICKET_154,11.500243236229418,,Q
155,1,3,"Passenger_155, Mr. Sample Name",male,37.14720154526089,1,0,TICKET_155,3.3404869587503274,,S
156,1,2,"Passenger_156, Mr. Sample Name",male,21.975837824902285,2,0,TICKET_156,25.942991005762696,,S
157,0,3,"Passenger_157, Mr. Sample Name",male,12.736205882200824,1,0,TICKET_157,0.0,,S
158,1,3,"Passenger_158, Miss. Sample Name",female,,1,0,TICKET_158,17.84124235445549,C62,S
159,1,1,"Passenger_159, Mr. Sample Name",male,29.301033876765775,0,0,TICKET_159,22.26310238555677,,S
160,1,3,"Passenger_160, Mrs. Sample Name",female,55.39764815171129,0,0,TICKET_160,6.99536691855479,,S
161,0,2,"Passenger_161, Mr. Sample Name",male,53.78825861094411,2,0,TICKET_161,26.577526543486066,,Q
162,0,3,"Passenger_162, Mrs. Sample Name",female,23.072104279499058,0,1,TICKET_162,13.945332734396,,C
163,0,3,"Passenger_163, Miss. Sample Name",female,20.96792512475418,1,2,TICKET_163,25.64705093687744,,Q
164,1,3,"Passenger_164, Mrs. Sample Name",female,36.49722671308784,1,0,TICKET_164,1.3659579298481273,,S
165,0,1,"Passenger_165, Mr. Sample Name",male,15.223411131769772,0,0,TICKET_165,77.5435478226298,C70,S
166,1,3,"Passenger_166, Miss. Sample Name",female,34.07598254738225,4,2,TICKET_166,23.66527740413381,,S
167,1,2,"Passenger_167, Mr. Sample Name",male,40.808164036578006,0,1,TICKET_167,25.417996156270977,,S
168,0,1,"Passenger_168, Mr. Sample Name",male,47.49053174632246,0,0,TICKET_168,118.0475402770237,C9,S
169,1,1,"Passenger_169, Mr. Sample Name",male,28.247765891040682,0,2,TICKET_169,172.64342867065872,,S
170,1,3,"Passenger_170, Mrs. Sample Name",female,26.746730622433994,0,0,TICKET_170,8.125090613565664,,S
171,0,3,"Passenger_171, Miss. Sample Name",female,16.969252492029867,0,0,TICKET_171,5.598029474532748,,C
172,1,1,"Passenger_172, Mrs. Sample Name",female,,0,0,TICKET_172,130.0723549545869,C64,C
173,1,3,"Passenger_173, Mr. Sample Name",male,26.41605606742786,1,0,TICKET_173,11.206822167866928,,S
174,0,1,"Passenger_174, Mr. Sample Name",male,,2,0,TICKET_174,173.77628541581723,,S
175,0,3,"Passenger_175, Miss. Sample Name",female,42.94697708038211,0,0,TICKET_175,17.437281245380674,,S
176,1,1,"Passenger_176, Mr. Sample Name",male,18.053905215135,0,0,TICKET_176,34.13194557677906,C97,S
177,0,3,"Passenger_177, Mr. Sample Name",male,51.34398424991306,2,1,TICKET_177,17.060608321733703,C87,S
178,0,2,"Passenger_178, Mr. Sample Name",male,25.768707784882753,0,1,TICKET_178,6.459505036662,,Q
179,0,3,"Passenger_179, Mr. Sample Name",male,29.390174231947675,0,0,TICKET_179,24.363141620284676,,C
180,1,1,"Passenger_180, Mr. Sample Name",male,,0,1,TICKET_180,0.0,,C
181,1,2,"Passenger_181, Mr. Sample Name",male,0.42,0,1,TICKET_181,38.33097911294277,,S
182,1,1,"Passenger_182, Master. Sample Name",male,42.51865824723522,0,1,TICKET_182,109.67012089476617,,Q
183,0,3,"Passenger_183, Mr. Sample Name",male,40.384236507840285,2,0,TICKET_183,11.02526836452791,,S
184,0,3,"Passenger_184, Mrs. Sample Name",female,,0,0,TICKET_184,22.160009811206518,,S
185,0,2,"Passenger_185, Master. Sample Name",male,30.671365399760642,0,2,TICKET_185,27.669899662435324,,S
186,0,3,"Passenger_186, Mr. Sample Name",male,,0,0,TICKET_186,28.964580227896725,C24,C
187,1,3,"Passenger_187, Miss. Sample Name",female,7.043085075145129,0,0,TICKET_187,28.852740860241603,,S
188,1,3,"Passenger_188, Mr. Sample Name",male,22.028736178478724,0,0,TICKET_188,17.227485329995435,C54,S
189,1,3,"Passenger_189, Miss. Sample Name",female,41.21683785451649,1,0,TICKET_189,2.5387517435010736,,S
190,1,2,"Passenger_190, Mrs. Sample Name",female,11.512803364045883,1,0,TICKET_190,11.877364993306383,,S
191,1,1,"Passenger_191, Mr. Sample Name",male,33.95659001641612,0,0,TICKET_191,78.26824913506813,C60,C
192,0,3,"Passenger_192, Mr. Sample Name",male,10.029563832960626,1,0,TICKET_192,25.980660332741124,,S
193,1,3,"Passenger_193, Miss. Sample Name",female,36.46323474528613,1,1,TICKET_193,7.523362463950295,,S
194,1,3,"Passenger_194, Miss. Sample Name",female,29.183198506686487,1,1,TICKET_194,8.524713754838363,,S
195,0,2,"Passenger_195, Mr. Sample Name",male,6.280588669370111,0,0,TICKET_195,47.7252594390114,,S
196,0,2,"Passenger_196, Mr. Sample Name",male,46.58872063962899,0,2,TICKET_196,18.4355223293341,,S
197,0,3,"Passenger_197, Mr. Sample Name",male,19.048422136428286,0,0,TICKET_197,5.383217316800737,C39,C
198,0,3,"Passenger_198, Miss. Sample Name",female,17.951339663291474,0,0,TICKET_198,22.31975234072977,,S
199,1,3,"Passenger_199, Mr. Sample Name",male,32.60825335984867,0,0,TICKET_199,12.326388604484983,C2,S
200,1,3,"Passenger_200, Mrs. Sample Name",female,,0,1,TICKET_200,0.0,,S
201,0,3,"Passenger_201, Mr. Sample Name",male,14.970583624813244,1,2,TICKET_201,25.490968993688483,,S
202,1,1,"Passenger_202, Mr. Sample Name",male,30.594357822795587,1,0,TICKET_202,24.236854344058024,,S
203,1,1,"Passenger_203, Rev. Sample Name",male,35.91783925479331,1,1,TICKET_203,87.48684787116608,,S
204,0,3,"Passenger_204, Mr. Sample Name",male,39.75003130531559,0,0,TICKET_204,12.182330634551723,,C
205,0,3,"Passenger_205, Mr. Sample Name",male,32.258402551519765,1,0,TICKET_205,15.761214081638357,,S
206,1,1,"Passenger_206, Mr. Sample Name",male,24.378096333291825,0,0,TICKET_206,0.0,,S
207,1,1,"Passenger_207, Mr. Sample Name",male,17.699941800593564,0,0,TICKET_207,57.19204169606124,,S
208,1,3,"Passenger_208, Mrs. Sample Name",female,30.949086304172432,0,0,TICKET_208,26.49804472138842,C27,S
209,1,1,"Passenger_209, Mr. Sample Name",male,14.153984326208699,0,1,TICKET_209,185.2356415913323,,S
210,1,1,"Passenger_210, Mr. Sample Name",male,0.42,0,0,TICKET_210,4.696769468774306,,Q
211,1,3,"Passenger_211, Mrs. Sample Name",female,36.03011716028618,1,0,TICKET_211,24.04717891254179,,S
212,1,3,"Passenger_212, Mrs. Sample Name",female,42.80705519574983,0,0,TICKET_212,3.8628429468929912,,S
213,1,3,"Passenger_213, Mrs. Sample Name",female,0.42,1,0,TICKET_213,8.5056128873526,,S
214,1,1,"Passenger_214, Miss. Sample Name",female,15.058904781705905,0,1,TICKET_214,58.24125068325988,,S
215,0,3,"Passenger_215, Mr. Sample Name",male,38.677736784575366,0,0,TICKET_215,14.305644516464898,,S
216,1,1,"Passenger_216, Mr. Sample Name",male,59.53368431081963,0,0,TICKET_216,164.10931650326899,,C
217,1,2,"Passenger_217, Mrs. Sample Name",female,,0,1,TICKET_217,23.968768040436668,,S
218,1,3,"Passenger_218, Miss. Sample Name",female,19.14395735217755,0,0,TICKET_218,11.486418876113863,,S
219,0,3,"Passenger_219, Mr. Sample Name",male,27.048001603979817,0,0,TICKET_219,24.607734796458587,,C
220,1,3,"Passenger_220, Miss. Sample Name",female,49.63570807764868,0,0,TICKET_220,3.368063317195425,,Q
221,1,3,"Passenger_221, Mr. Sample Name",male,20.333519402694236,0,0,TICKET_221,12.073390678384605,,S
222,1,3,"Passenger_222, Mr. Sample Name",male,18.111715903571323,0,0,TICKET_222,24.949374740530345,,Q
223,0,1,"Passenger_223, Mr. Sample Name",male,22.700218928360528,1,0,TICKET_223,126.34449694324584,,S
224,0,2,"Passenger_224, Mr. Sample Name",male,15.87673518024867,0,1,TICKET_224,13.00544033832631,,C
225,1,2,"Passenger_225, Master. Sample Name",male,,1,1,TICKET_225,0.0,,S
226,1,2,"Passenger_226, Mr. Sample Name",male,,0,0,TICKET_226,24.66287286192217,,S
227,1,3,"Passenger_227, Miss. Sample Name",female,,2,0,TICKET_227,0.0,,S
228,0,2,"Passenger_228, Master. Sample Name",male,,1,1,TICKET_228,16.812479529632522,,S
229,1,3,"Passenger_229, Rev. Sample Name",male,,0,0,TICKET_229,27.14738079084001,,S
230,1,3,"Passenger_230, Miss. Sample Name",female,7.0337332738984735,0,0,TICKET_230,20.161103755622193,,S
231,0,3,"Passenger_231, Miss. Sample Name",female,42.505091768633804,1,0,TICKET_231,0.0,,S
232,1,3,"Passenger_232, Miss. Sample Name",female,28.57136064331437,0,1,TICKET_232,15.405418052083805,,S
233,1,3,"Passenger_233, Mrs. Sample Name",female,27.083041252935928,0,0,TICKET_233,9.169961024768867,,S
234,1,3,"Passenger_234, Mrs. Sample Name",female,76.00005973375048,0,0,TICKET_234,0.0,,C
235,1,1,"Passenger_235, Mr. Sample Name",male,34.03191717130245,1,0,TICKET_235,110.80170366416819,C69,C
236,0,3,"Passenger_236, Dr. Sample Name",male,,1,1,TICKET_236,7.099145814511274,C21,S
237,0,2,"Passenger_237, Mr. Sample Name",male,23.517814855019623,0,0,TICKET_237,12.716989420407534,,S
238,1,1,"Passenger_238, Master. Sample Name",male,,0,2,TICKET_238,93.92360947413762,,Q
239,0,3,"Passenger_239, Master. Sample Name",male,31.342420952797585,0,0,TICKET_239,5.489385629182186,,C
240,1,1,"Passenger_240, Mrs. Sample Name",female,8.844969314398181,0,0,TICKET_240,91.65886670932507,,C
241,1,3,"Passenger_241, Mr. Sample Name",male,43.02881955134045,3,0,TICKET_241,5.8801013244407905,,S
242,1,3,"Passenger_242, Mr. Sample Name",male,20.01191075968459,0,0,TICKET_242,6.538462472529496,,S
243,0,3,"Passenger_243, Mr. Sample Name",male,56.86281775515441,0,2,TICKET_243,24.91515723154634,,Q
244,1,2,"Passenger_244, Mrs. Sample Name",female,,0,0,TICKET_244,36.42007454570415,,S
245,1,1,"Passenger_245, Dr. Sample Name",male,23.21383251294811,1,1,TICKET_245,0.0,C97,S
246,0,3,"Passenger_246, Miss. Sample Name",female,48.27473724515914,0,0,TICKET_246,21.96487412615863,,S
247,1,2,"Passenger_247, Mr. Sample Name",male,30.683904902647345,0,0,TICKET_247,40.97886506939159,,Q
248,0,3,"Passenger_248, Mr. Sample Name",male,42.06521828927218,0,0,TICKET_248,31.688521808842914,,S
249,0,3,"Passenger_249, Mr. Sample Name",male,,0,0,TICKET_249,19.244556710621424,C89,S
250,0,3,"Passenger_250, Mrs. Sample Name",female,17.427828502632334,0,3,TICKET_250,0.3112257070732305,,S
251,1,2,"Passenger_251, Mr. Sample Name",male,20.3685274313968,0,0,TICKET_251,29.449712605213016,,C
252,0,2,"Passenger_252, Mrs. Sample Name",female,44.63443185492684,0,0,TICKET_252,6.961214671761251,,S
253,1,3,"Passenger_253, Mr. Sample Name",male,24.845757684455158,2,0,TICKET_253,8.88441800612015,,S
254,0,2,"Passenger_254, Mr. Sample Name",male,23.847097282991047,1,0,TICKET_254,25.746232355672284,,S
255,1,1,"Passenger_255, Miss. Sample Name",female,,3,0,TICKET_255,19.619252270500866,,C
256,1,3,"Passenger_256, Mrs. Sample Name",female,35.842186451105185,0,1,TICKET_256,0.0,,S
257,1,3,"Passenger_257, Mrs. Sample Name",female,,2,0,TICKET_257,18.58927982188988,,Q
258,1,3,"Passenger_258, Mrs. Sample Name",female,14.220772743313043,0,0,TICKET_258,35.40669045174778,,S
259,1,3,"Passenger_259, Mrs. Sample Name",female,30.05118212175499,0,0,TICKET_259,27.918811965753566,C65,S
260,1,1,"Passenger_260, Miss. Sample Name",female,50.177198053523725,0,3,TICKET_260,140.57489480400758,C7,S
261,1,3,"Passenger_261, Miss. Sample Name",female,28.54519982693713,0,0,TICKET_261,24.750225227076797,,S
262,1,3,"Passenger_262, Mrs. Sample Name",female,36.25939104562114,1,0,TICKET_262,20.652633966182993,C62,S
263,1,1,"Passenger_263, Miss. Sample Name",female,,0,0,TICKET_263,119.99201835275143,C20,S
264,0,3,"Passenger_264, Mr. Sample Name",male,,0,0,TICKET_264,23.783414075183764,C90,S
265,0,3,"Passenger_265, Miss. Sample Name",female,26.98640815743404,0,0,TICKET_265,0.0,,S
266,1,3,"Passenger_266, Mr. Sample Name",male,43.99308493735801,0,0,TICKET_266,15.393823593314957,,S
267,1,3,"Passenger_267, Mrs. Sample Name",female,46.91709774768889,0,1,TICKET_267,12.028621525073879,C3,S
268,1,3,"Passenger_268, Miss. Sample Name",female,67.2486728092699,0,0,TICKET_268,13.946833973734764,,S
269,0,2,"Passenger_269, Master. Sample Name",male,38.104681011596846,1,1,TICKET_269,13.079416778798157,,S
270,1,2,"Passenger_270, Miss. Sample Name",female,34.424046590441414,1,0,TICKET_270,27.807317671613482,C81,S
271,0,3,"Passenger_271, Mr. Sample Name",male,32.518572372871375,0,0,TICKET_271,3.184863883748715,,S
272,0,3,"Passenger_272, Mr. Sample Name",male,24.579088754245017,0,0,TICKET_272,6.593740847295589,,S
273,0,3,"Passenger_273, Miss. Sample Name",female,34.60801573019452,0,0,TICKET_273,5.153441036174796,,S
274,0,3,"Passenger_274, Mr. Sample Name",male,25.41667955298407,1,0,TICKET_274,23.36735964723843,C41,S
275,1,3,"Passenger_275, Mrs. Sample Name",female,32.14268415590941,0,0,TICKET_275,12.85931796148968,,S
276,1,3,"Passenger_276, Mrs. Sample Name",female,48.805164266315415,0,0,TICKET_276,7.470011922438844,,C
277,0,3,"Passenger_277, Mr. Sample Name",male,15.105132803445203,0,0,TICKET_277,8.518843659805832,,Q
278,0,3,"Passenger_278, Mr. Sample Name",male,,0,5,TICKET_278,13.046567400164884,C52,S
279,1,3,"Passenger_279, Mr. Sample Name",male,48.798168476428046,0,0,TICKET_279,32.46609902643824,,S
280,0,3,"Passenger_280, Mr. Sample Name",male,27.988006358629356,1,2,TICKET_280,0.0,,S
281,1,3,"Passenger_281, Miss. Sample Name",female,,0,0,TICKET_281,21.106119972157426,C12,S
282,0,2,"Passenger_282, Mr. Sample Name",male,20.88658118713073,0,0,TICKET_282,27.077935070465116,,C
283,0,2,"Passenger_283, Mr. Sample Name",male,48.506420925136084,1,0,TICKET_283,6.755519023298364,C46,S
284,1,1,"Passenger_284, Mr. Sample Name",male,29.36841309666621,1,0,TICKET_284,201.34986321237494,,n
285,0,3,"Passenger_285, Mr. Sample Name",male,15.210117631723794,0,0,TICKET_285,19.471365410568115,,S
286,1,1,"Passenger_286, Mrs. Sample Name",female,22.380763642190846,0,0,TICKET_286,43.381335741619466,,S
287,0,3,"Passenger_287, Master. Sample Name",male,,0,2,TICKET_287,0.0,,C
288,0,3,"Passenger_288, Mrs. Sample Name",female,,2,1,TICKET_288,15.74976201398935,,S
289,0,2,"Passenger_289, Master. Sample Name",male,26.23548456203943,0,0,TICKET_289,19.32881622866025,,S
290,1,3,"Passenger_290, Mrs. Sample Name",female,,2,0,TICKET_290,0.6314448248065698,C67,S
291,1,1,"Passenger_291, Mr. Sample Name",male,24.019506838864583,1,0,TICKET_291,0.5108471891490467,,C
292,1,1,"Passenger_292, Master. Sample Name",male,16.32505232477171,0,0,TICKET_292,153.4807893695604,,S
293,1,3,"Passenger_293, Miss. Sample Name",female,,0,0,TICKET_293,0.0,,C
294,0,2,"Passenger_294, Mr. Sample Name",male,,0,2,TICKET_294,24.714241326095543,,S
295,1,1,"Passenger_295, Mrs. Sample Name",female,47.34879855196969,0,0,TICKET_295,69.00504197513108,,S
296,1,3,"Passenger_296, Mrs. Sample Name",female,51.75908275287554,0,0,TICKET_296,18.96585794024127,C99,S
297,1,3,"Passenger_297, Mr. Sample Name",male,,0,0,TICKET_297,9.468339881677585,,Q
298,1,1,"Passenger_298, Mr. Sample Name",male,,3,0,TICKET_298,107.46199722082517,,S
299,1,3,"Passenger_299, Mrs. Sample Name",female,35.55408630988084,0,0,TICKET_299,4.086701865655488,,S
300,0,1,"Passenger_300, Mr. Sample Name",male,,1,0,TICKET_300,80.06360670613051,,C
301,0,1,"Passenger_301, Mr. Sample Name",male,16.59632301941314,0,0,TICKET_301,123.12671025205941,,S
302,1,3,"Passenger_302, Master. Sample Name",male,34.40320958496324,0,0,TICKET_302,14.810462455305641,,S
303,0,3,"Passenger_303, Mr. Sample Name",male,12.603923028182862,0,0,TICKET_303,17.563682108818533,,C
304,1,3,"Passenger_304, Mr. Sample Name",male,46.92135113269268,0,4,TICKET_304,1.8649444065802392,,Q
305,1,3,"Passenger_305, Miss. Sample Name",female,22.9630491891733,2,0,TICKET_305,5.911905257381775,,S
306,1,3,"Passenger_306, Miss. Sample Name",female,32.61681501015617,0,0,TICKET_306,6.119921929408657,,C
307,0,3,"Passenger_307, Miss. Sample Name",female,,0,0,TICKET_307,9.682122932958967,,C
308,1,2,"Passenger_308, Mrs. Sample Name",female,25.945877881290876,0,0,TICKET_308,40.378743044267424,,S
309,1,3,"Passenger_309, Mr. Sample Name",male,38.20706012139148,0,0,TICKET_309,8.749854933571589,,S
310,1,2,"Passenger_310, Miss. Sample Name",female,22.813896978973396,0,1,TICKET_310,2.8466081035174966,,S
311,1,2,"Passenger_311, Mr. Sample Name",male,42.33381081313004,1,0,TICKET_311,28.124685317758885,,S
312,0,1,"Passenger_312, Mr. Sample Name",male,10.183294636422147,1,0,TICKET_312,191.73147451475853,,S
313,1,1,"Passenger_313, Master. Sample Name",male,31.53250390342297,0,0,TICKET_313,0.0,C3,C
314,0,3,"Passenger_314, Master. Sample Name",male,57.81447048634513,0,0,TICKET_314,36.67372905661708,C28,S
315,0,3,"Passenger_315, Miss. Sample Name",female,15.195195793219165,0,1,TICKET_315,17.98211922787686,C67,S
316,1,3,"Passenger_316, Miss. Sample Name",female,19.872697927389652,0,1,TICKET_316,25.40668946882069,,S
317,1,2,"Passenger_317, Mr. Sample Name",male,37.15166382005427,0,0,TICKET_317,42.00607452564972,,S
318,0,1,"Passenger_318, Mr. Sample Name",male,32.30393583812417,0,1,TICKET_318,161.80941141661938,C11,S
319,0,1,"Passenger_319, Mrs. Sample Name",female,34.78413643946661,0,0,TICKET_319,75.15715223938544,,C
320,1,2,"Passenger_320, Mr. Sample Name",male,36.79321338714112,0,3,TICKET_320,38.26547216287123,C13,C
321,0,3,"Passenger_321, Mr. Sample Name",male,38.903461294145664,0,0,TICKET_321,16.055197238451033,,S
322,0,3,"Passenger_322, Mr. Sample Name",male,45.790647708365235,0,3,TICKET_322,26.085816698891676,,S
323,1,3,"Passenger_323, Mrs. Sample Name",female,35.642370525463434,0,0,TICKET_323,27.398505805368195,C18,S
324,1,2,"Passenger_324, Miss. Sample Name",female,,0,0,TICKET_324,3.636551150408472,,S
325,0,3,"Passenger_325, Rev. Sample Name",male,39.4523186674396,1,0,TICKET_325,22.531613583724077,C37,S
326,0,3,"Passenger_326, Mr. Sample Name",male,57.24828805598062,0,4,TICKET_326,10.817296977839542,C89,S
327,0,3,"Passenger_327, Miss. Sample Name",female,,0,1,TICKET_327,14.658287641408178,,C
328,0,3,"Passenger_328, Miss. Sample Name",female,,0,0,TICKET_328,14.525112986113573,,C
329,1,2,"Passenger_329, Rev. Sample Name",male,45.7526697046611,1,0,TICKET_329,21.30455326363037,,S
330,1,2,"Passenger_330, Miss. Sample Name",female,27.954473122672823,0,0,TICKET_330,42.85287968343559,,S
331,1,2,"Passenger_331, Master. Sample Name",male,0.42,0,0,TICKET_331,0.0,C30,S
332,0,3,"Passenger_332, Master. Sample Name",male,,0,0,TICKET_332,0.0,,S
333,1,1,"Passenger_333, Miss. Sample Name",female,,1,0,TICKET_333,0.0,,Q
334,1,1,"Passenger_334, Mr. Sample Name",male,28.387267406589668,2,1,TICKET_334,169.5315411148731,C89,S
335,1,1,"Passenger_335, Mr. Sample Name",male,34.51371479325071,0,0,TICKET_335,22.12500065058721,,S
336,1,1,"Passenger_336, Mr. Sample Name",male,32.46224535679646,1,1,TICKET_336,94.5749175611909,,C
337,1,3,"Passenger_337, Mr. Sample Name",male,39.987051348516076,2,0,TICKET_337,11.623394510505051,,S
338,1,3,"Passenger_338, Mrs. Sample Name",female,23.38544762673727,2,0,TICKET_338,2.363498312320239,,S
339,1,3,"Passenger_339, Mr. Sample Name",male,37.140034073553196,0,0,TICKET_339,23.217726850668384,,C
340,1,1,"Passenger_340, Mrs. Sample Name",female,25.9365731750332,0,0,TICKET_340,73.80296254260924,C17,S
341,0,3,"Passenger_341, Mr. Sample Name",male,40.41275197286879,0,0,TICKET_341,10.147179075539382,C11,S
342,0,3,"Passenger_342, Mr. Sample Name",male,38.62282851818927,1,0,TICKET_342,15.794455692883012,,S
343,1,1,"Passenger_343, Mr. Sample Name",male,16.136138820353366,0,0,TICKET_343,141.66176678705736,,S
344,1,2,"Passenger_344, Miss. Sample Name",female,45.44674068453797,0,0,TICKET_344,5.615356346983283,,S
345,0,2,"Passenger_345, Mr. Sample Name",male,21.9285300458463,0,0,TICKET_345,33.0937752099993,C72,C
346,1,3,"Passenger_346, Mrs. Sample Name",female,41.416838075076605,1,0,TICKET_346,30.398242237280193,,S
347,0,3,"Passenger_347, Master. Sample Name",male,35.025666044319436,1,1,TICKET_347,0.0,,S
348,1,1,"Passenger_348, Mrs. Sample Name",female,,0,2,TICKET_348,106.26391833022652,,S
349,0,2,"Passenger_349, Mr. Sample Name",male,26.459743255608142,1,0,TICKET_349,15.42616681464009,,S
350,1,3,"Passenger_350, Mrs. Sample Name",female,24.634906456286135,0,0,TICKET_350,21.39076696864168,,S
351,0,3,"Passenger_351, Mrs. Sample Name",female,,1,0,TICKET_351,0.0,,S
352,1,3,"Passenger_352, Mrs. Sample Name",female,25.303893148903008,0,2,TICKET_352,32.547258707722904,,S
353,0,3,"Passenger_353, Mrs. Sample Name",female,,0,0,TICKET_353,0.0,C70,S
354,1,1,"Passenger_354, Mrs. Sample Name",female,6.263496177669474,2,0,TICKET_354,64.45752481787727,,S
355,1,1,"Passenger_355, Mr. Sample Name",male,,0,0,TICKET_355,118.74368607962882,,S
356,1,3,"Passenger_356, Mr. Sample Name",male,14.216857637101699,1,0,TICKET_356,4.763957836782101,,S
357,0,1,"Passenger_357, Mr. Sample Name",male,,0,0,TICKET_357,16.527876123436997,,S
358,0,3,"Passenger_358, Mrs. Sample Name",female,54.503893902437916,0,1,TICKET_358,15.66682763956629,,S
359,1,3,"Passenger_359, Mr. Sample Name",male,28.18548633120666,0,0,TICKET_359,13.933119039892963,,S
360,1,3,"Passenger_360, Mrs. Sample Name",female,27.252085013744846,0,0,TICKET_360,13.071258032981795,,S
361,1,2,"Passenger_361, Mr. Sample Name",male,30.71575636514113,0,0,TICKET_361,32.88032767198439,,S
362,0,3,"Passenger_362, Mr. Sample Name",male,46.54723538781876,0,0,TICKET_362,8.266327678863743,,S
363,0,3,"Passenger_363, Master. Sample Name",male,16.253379554236673,0,2,TICKET_363,16.835111797540055,,S
364,1,3,"Passenger_364, Mrs. Sample Name",female,,0,0,TICKET_364,6.920766300690222,,C
365,0,3,"Passenger_365, Mr. Sample Name",male,,3,1,TICKET_365,2.8080461700471027,,S
366,0,2,"Passenger_366, Master. Sample Name",male,36.96586546412775,2,0,TICKET_366,15.72862057264972,,C
367,1,3,"Passenger_367, Mr. Sample Name",male,32.44893344068178,0,0,TICKET_367,7.014817753676421,,C
368,1,3,"Passenger_368, Mr. Sample Name",male,44.21516834222355,1,2,TICKET_368,7.614354386046623,,Q
369,1,1,"Passenger_369, Dr. Sample Name",male,0.42,0,0,TICKET_369,177.22619342417292,,S
370,0,1,"Passenger_370, Master. Sample Name",male,39.52919213319816,0,1,TICKET_370,63.67172367715567,,S
371,1,1,"Passenger_371, Mrs. Sample Name",female,20.215902594652356,1,0,TICKET_371,30.967466217610806,C67,S
372,1,1,"Passenger_372, Mr. Sample Name",male,3.1558229955813744,2,1,TICKET_372,86.24630192383924,,S
373,1,1,"Passenger_373, Master. Sample Name",male,37.11243769311222,0,0,TICKET_373,92.33823513027261,C36,S
374,1,3,"Passenger_374, Mr. Sample Name",male,,1,0,TICKET_374,0.0,,S
375,1,1,"Passenger_375, Master. Sample Name",male,27.70699653789847,0,1,TICKET_375,60.127498246092514,,S
376,1,2,"Passenger_376, Mr. Sample Name",male,43.51668093444261,4,2,TICKET_376,14.919735138521045,,S
377,1,3,"Passenger_377, Mr. Sample Name",male,53.07803474083536,0,2,TICKET_377,10.93426871549832,C62,C
378,1,1,"Passenger_378, Rev. Sample Name",male,48.766259576968686,0,1,TICKET_378,142.04226984303884,C26,C
379,0,3,"Passenger_379, Master. Sample Name",male,53.4794856758852,0,1,TICKET_379,14.640062453954592,,S
380,1,2,"Passenger_380, Mrs. Sample Name",female,40.460848620542436,1,0,TICKET_380,38.41906021077996,,S
381,1,1,"Passenger_381, Mrs. Sample Name",female,,0,0,TICKET_381,83.06717152889476,,C
382,1,3,"Passenger_382, Miss. Sample Name",female,6.471495727491057,2,0,TICKET_382,34.313047364560774,,Q
383,1,3,"Passenger_383, Mr. Sample Name",male,26.132093922115743,0,0,TICKET_383,7.470699835220166,,S
384,0,3,"Passenger_384, Mr. Sample Name",male,17.47292436791522,0,0,TICKET_384,3.7652514260185086,,S
385,1,3,"Passenger_385, Dr. Sample Name",male,61.1786694037183,0,0,TICKET_385,19.567632097323685,,S
386,0,3,"Passenger_386, Master. Sample Name",male,,0,0,TICKET_386,29.36898324958021,,S
387,1,2,"Passenger_387, Mrs. Sample Name",female,31.486469698375043,0,0,TICKET_387,0.0,,S
388,0,1,"Passenger_388, Mr. Sample Name",male,,0,0,TICKET_388,68.24074814285478,,S
389,1,3,"Passenger_389, Mr. Sample Name",male,30.33223547240058,0,0,TICKET_389,5.67061665896955,,S
390,1,3,"Passenger_390, Mr. Sample Name",male,54.278240086245916,0,0,TICKET_390,14.714212155904958,,Q
391,1,3,"Passenger_391, Miss. Sample Name",female,20.671584254850444,0,1,TICKET_391,13.120215081992857,,S
392,1,2,"Passenger_392, Mr. Sample Name",male,32.52180810094002,1,0,TICKET_392,40.18071871441582,,Q
393,1,2,"Passenger_393, Mr. Sample Name",male,18.9341765073783,1,0,TICKET_393,18.373928106878253,,Q
394,0,3,"Passenger_394, Mr. Sample Name",male,10.559673587299766,0,0,TICKET_394,29.49740918764275,,S
395,1,2,"Passenger_395, Mr. Sample Name",male,20.82934818187336,0,0,TICKET_395,15.273494959719713,,S
396,1,3,"Passenger_396, Mr. Sample Name",male,29.162966442798027,0,0,TICKET_396,24.117782501262596,,S
397,0,3,"Passenger_397, Mr. Sample Name",male,23.47511774449973,0,0,TICKET_397,15.743956337640629,C80,C
398,0,2,"Passenger_398, Mr. Sample Name",male,,0,0,TICKET_398,45.94828098025167,,S
399,1,3,"Passenger_399, Mr. Sample Name",male,9.308396776758407,0,0,TICKET_399,0.0,C14,S
400,1,3,"Passenger_400, Mr. Sample Name",male,28.494969196883925,0,0,TICKET_400,0.0,,S
401,1,1,"Passenger_401, Mr. Sample Name",male,7.881554576550467,0,2,TICKET_401,230.52978277267093,,C
402,0,3,"Passenger_402, Master. Sample Name",male,40.72081147349924,0,2,TICKET_402,4.200818878163755,,S
403,1,3,"Passenger_403, Mrs. Sample Name",female,30.895376417550295,1,0,TICKET_403,4.9623597030896605,,S
404,0,3,"Passenger_404, Miss. Sample Name",female,8.565503257758508,3,0,TICKET_404,2.491316974001748,,C
405,1,2,"Passenger_405, Mr. Sample Name",male,,0,0,TICKET_405,37.226689348005856,C5,S
406,0,3,"Passenger_406, Mr. Sample Name",male,18.793732118936543,0,0,TICKET_406,0.0,,S
407,0,2,"Passenger_407, Mr. Sample Name",male,34.32803040107812,1,2,TICKET_407,20.336756184164916,C70,C
408,1,1,"Passenger_408, Dr. Sample Name",male,,2,0,TICKET_408,62.750254257556975,,C
409,1,3,"Passenger_409, Miss. Sample Name",female,2.5099991901367034,0,1,TICKET_409,25.438187002053215,,C
410,1,1,"Passenger_410, Dr. Sample Name",male,,0,0,TICKET_410,38.90538701346841,,S
411,1,2,"Passenger_411, Miss. Sample Name",female,27.378074464283713,0,3,TICKET_411,26.229088686699107,,Q
412,0,3,"Passenger_412, Mr. Sample Name",male,39.434431108531754,0,0,TICKET_412,0.0,,S
413,1,3,"Passenger_413, Mr. Sample Name",male,32.791351109446495,0,1,TICKET_413,40.28729246412641,,S
414,1,3,"Passenger_414, Mrs. Sample Name",female,18.796444689787123,0,0,TICKET_414,10.124892104155494,C43,S
415,1,3,"Passenger_415, Mrs. Sample Name",female,,0,0,TICKET_415,13.105161818624406,,C
416,0,2,"Passenger_416, Mrs. Sample Name",female,18.157625076349408,0,0,TICKET_416,44.82131538275813,,Q
417,1,2,"Passenger_417, Miss. Sample Name",female,45.302103509679675,1,0,TICKET_417,11.19990838542186,,S
418,0,2,"Passenger_418, Mr. Sample Name",male,30.00901890574316,0,2,TICKET_418,45.01073514407925,,S
419,0,3,"Passenger_419, Mrs. Sample Name",female,57.26726494341861,0,2,TICKET_419,8.06234591034447,,S
420,0,3,"Passenger_420, Master. Sample Name",male,28.820418199688,0,1,TICKET_420,21.06037820585511,,C
421,1,3,"Passenger_421, Miss. Sample Name",female,,0,0,TICKET_421,6.127820318088414,C55,S
422,0,3,"Passenger_422, Mr. Sample Name",male,,3,1,TICKET_422,0.0,C28,S
423,1,1,"Passenger_423, Miss. Sample Name",female,3.554474694288796,0,0,TICKET_423,117.16754804324927,,Q
424,0,3,"Passenger_424, Master. Sample Name",male,,0,0,TICKET_424,20.678840811802395,,S
425,0,1,"Passenger_425, Mr. Sample Name",male,33.573336439666505,1,0,TICKET_425,0.0,,S
426,0,3,"Passenger_426, Mr. Sample Name",male,37.07651283683404,0,0,TICKET_426,9.315300173095455,C49,C
427,1,2,"Passenger_427, Mrs. Sample Name",female,,1,0,TICKET_427,38.0113844230536,C39,S
428,1,3,"Passenger_428, Mr. Sample Name",male,42.67805555410367,0,0,TICKET_428,20.201427409559322,,S
429,1,2,"Passenger_429, Mr. Sample Name",male,,0,0,TICKET_429,14.071774973239238,,C
430,1,1,"Passenger_430, Rev. Sample Name",male,31.828498673790463,0,1,TICKET_430,36.19794386924355,C60,S
431,0,1,"Passenger_431, Mr. Sample Name",male,,0,0,TICKET_431,239.8595460107821,,S
432,1,3,"Passenger_432, Miss. Sample Name",female,42.70417008005021,1,0,TICKET_432,0.0,,S
433,0,3,"Passenger_433, Dr. Sample Name",male,,1,0,TICKET_433,12.289617107096769,,C
434,1,1,"Passenger_434, Miss. Sample Name",female,16.77771273147833,0,0,TICKET_434,0.0,,S
435,1,1,"Passenger_435, Mr. Sample Name",male,0.42,0,0,TICKET_435,189.1851715875425,,S
436,0,3,"Passenger_436, Mr. Sample Name",male,19.272276870984907,1,0,TICKET_436,12.914516653499959,,S
437,1,1,"Passenger_437, Miss. Sample Name",female,,2,0,TICKET_437,98.25392678155478,C77,C
438,1,3,"Passenger_438, Mrs. Sample Name",female,,0,0,TICKET_438,46.226707715531305,,S
439,0,3,"Passenger_439, Mr. Sample Name",male,27.796773977161582,0,0,TICKET_439,5.878327891163281,,S
440,0,1,"Passenger_440, Mr. Sample Name",male,30.814352302902137,0,1,TICKET_440,223.8860731246827,,S
441,0,1,"Passenger_441, Miss. Sample Name",female,26.43958826378286,1,0,TICKET_441,52.74144684734492,,S
442,1,3,"Passenger_442, Mr. Sample Name",male,20.274962578059835,0,0,TICKET_442,10.197850508981219,,Q
443,1,2,"Passenger_443, Miss. Sample Name",female,32.14549274351755,0,1,TICKET_443,59.57262884930899,C63,Q
444,1,2,"Passenger_444, Mrs. Sample Name",female,36.10813941875643,1,0,TICKET_444,17.583644341074898,C27,S
445,0,3,"Passenger_445, Miss. Sample Name",female,13.889213377078732,0,0,TICKET_445,0.0,,Q
446,1,3,"Passenger_446, Mr. Sample Name",male,50.158519506320914,0,1,TICKET_446,16.383025457515746,,S
447,1,3,"Passenger_447, Miss. Sample Name",female,28.270472081878204,0,0,TICKET_447,10.92715809799595,,Q
448,1,3,"Passenger_448, Mr. Sample Name",male,29.97331953270029,0,0,TICKET_448,17.405150100806324,C7,S
449,1,2,"Passenger_449, Mr. Sample Name",male,39.96910913722008,0,0,TICKET_449,17.99603310008346,,S
450,0,1,"Passenger_450, Mr. Sample Name",male,33.08163390332077,0,0,TICKET_450,261.24356929638117,,S
451,0,3,"Passenger_451, Mr. Sample Name",male,43.52048119174205,0,0,TICKET_451,19.680830066031227,,S
452,1,3,"Passenger_452, Mrs. Sample Name",female,33.86330039542645,0,0,TICKET_452,0.10042446729018373,,Q
453,1,2,"Passenger_453, Mrs. Sample Name",female,20.81965806771365,1,0,TICKET_453,21.868202030357818,,S
454,1,3,"Passenger_454, Mrs. Sample Name",female,34.941801115488474,1,0,TICKET_454,3.404442109995534,,C
455,1,1,"Passenger_455, Mr. Sample Name",male,13.115969993850403,0,0,TICKET_455,64.1828925997637,,S
456,0,3,"Passenger_456, Mr. Sample Name",male,,0,0,TICKET_456,2.0747114731981267,,S
457,0,1,"Passenger_457, Mr. Sample Name",male,29.21816513565532,0,0,TICKET_457,252.56948185648181,,S
458,1,3,"Passenger_458, Mrs. Sample Name",female,26.682305569548173,0,0,TICKET_458,4.703384617861339,C27,S
459,1,1,"Passenger_459, Mr. Sample Name",male,27.836206084135505,0,0,TICKET_459,139.00514815953096,,S
460,1,1,"Passenger_460, Mrs. Sample Name",female,2.4131888402842314,0,2,TICKET_460,58.121646249869826,C23,S
461,0,1,"Passenger_461, Mr. Sample Name",male,21.743488837756058,0,0,TICKET_461,0.0,C42,S
462,1,3,"Passenger_462, Mr. Sample Name",male,,0,0,TICKET_462,15.371791634794082,C3,S
463,1,3,"Passenger_463, Mrs. Sample Name",female,,0,0,TICKET_463,17.80830204502848,,C
464,1,3,"Passenger_464, Mr. Sample Name",male,14.798710456573607,1,0,TICKET_464,19.703518393054168,,S
465,1,3,"Passenger_465, Miss. Sample Name",female,48.052763692538164,0,2,TICKET_465,0.0,C86,S
466,1,2,"Passenger_466, Mrs. Sample Name",female,17.140464700889737,0,0,TICKET_466,1.4773142949636338,C21,Q
467,1,2,"Passenger_467, Mr. Sample Name",male,,0,2,TICKET_467,34.36332078532827,C87,Q
468,0,3,"Passenger_468, Mr. Sample Name",male,35.89431824713943,1,0,TICKET_468,1.9167164486944976,,C
469,1,1,"Passenger_469, Master. Sample Name",male,20.329704007264855,1,0,TICKET_469,100.23552402480888,C57,S
470,1,3,"Passenger_470, Miss. Sample Name",female,,0,0,TICKET_470,0.0,C49,Q
471,1,1,"Passenger_471, Mr. Sample Name",male,12.39226593953104,0,1,TICKET_471,142.5280881726752,C29,C
472,0,3,"Passenger_472, Master. Sample Name",male,,0,0,TICKET_472,24.17523515194689,,Q
473,0,1,"Passenger_473, Master. Sample Name",male,44.20844361162318,0,0,TICKET_473,142.55279249378935,,S
474,1,3,"Passenger_474, Miss. Sample Name",female,19.97600696838865,0,0,TICKET_474,25.390681748243168,,S
475,1,3,"Passenger_475, Mr. Sample Name",male,49.89074685093277,1,0,TICKET_475,31.766801738794392,C6,S
476,1,3,"Passenger_476, Miss. Sample Name",female,26.074325538315183,0,2,TICKET_476,0.0,,S
477,1,1,"Passenger_477, Mrs. Sample Name",female,33.88605762455793,1,0,TICKET_477,20.906245507890993,,S
478,0,3,"Passenger_478, Mr. Sample Name",male,33.4746666621827,0,0,TICKET_478,23.770522843645537,,Q
479,0,3,"Passenger_479, Mr. Sample Name",male,,0,0,TICKET_479,26.562637262049773,,Q
480,1,3,"Passenger_480, Miss. Sample Name",female,41.45671996081684,1,0,TICKET_480,4.907884557136894,,S
481,0,3,"Passenger_481, Mr. Sample Name",male,41.20558644800709,0,2,TICKET_481,4.07336721609299,,C
482,1,3,"Passenger_482, Miss. Sample Name",female,4.3462863880463765,0,0,TICKET_482,5.173438120833932,,S
483,1,3,"Passenger_483, Dr. Sample Name",male,48.61293352173321,0,0,TICKET_483,0.0,,S
484,0,3,"Passenger_484, Mr. Sample Name",male,5.59386617348272,0,1,TICKET_484,0.0,,S
485,0,3,"Passenger_485, Mrs. Sample Name",female,44.67191996295403,4,0,TICKET_485,0.0,,S
486,1,3,"Passenger_486, Mr. Sample Name",male,46.03722448399996,0,0,TICKET_486,9.4708183143324,,S
487,1,1,"Passenger_487, Dr. Sample Name",male,,3,0,TICKET_487,105.66692126671637,,C
488,0,2,"Passenger_488, Mr. Sample Name",male,23.74319282465852,3,0,TICKET_488,26.502092474635585,C57,Q
489,0,3,"Passenger_489, Mr. Sample Name",male,13.667282306953933,1,0,TICKET_489,6.897252960691827,,S
490,1,3,"Passenger_490, Mr. Sample Name",male,26.58364506081334,0,2,TICKET_490,7.1921546046294536,,S
491,0,3,"Passenger_491, Mr. Sample Name",male,25.23350287930675,0,0,TICKET_491,14.483937941815135,,C
492,1,3,"Passenger_492, Miss. Sample Name",female,41.00507771790543,1,0,TICKET_492,0.0,,S
493,1,2,"Passenger_493, Mr. Sample Name",male,48.699476818734325,0,2,TICKET_493,34.39160798124634,,S
494,1,1,"Passenger_494, Miss. Sample Name",female,49.93741525645436,0,0,TICKET_494,186.83082232114168,C54,S
495,0,3,"Passenger_495, Mr. Sample Name",male,21.54856361461462,0,0,TICKET_495,5.493032347743522,,S
496,1,2,"Passenger_496, Miss. Sample Name",female,26.666282830704347,0,0,TICKET_496,14.023457609768315,C34,S
497,0,3,"Passenger_497, Mr. Sample Name",male,5.29014621279622,0,2,TICKET_497,27.919746698142035,,C
498,1,1,"Passenger_498, Mrs. Sample Name",female,18.014884035805263,0,0,TICKET_498,74.15587272080805,C84,S
499,1,3,"Passenger_499, Mr. Sample Name",male,,0,1,TICKET_499,20.058945351419556,C44,C
500,0,3,"Passenger_500, Mr. Sample Name",male,53.12595094144936,1,1,TICKET_500,11.892335274390712,,S
501,0,3,"Passenger_501, Mr. Sample Name",male,11.801941357741129,0,0,TICKET_501,31.675688661763292,,S
502,0,3,"Passenger_502, Mr. Sample Name",male,21.109268242283033,2,0,TICKET_502,18.880955539017947,,S
503,1,2,"Passenger_503, Mr. Sample Name",male,29.317116524095557,1,1,TICKET_503,28.21483657878788,,S
504,0,3,"Passenger_504, Mr. Sample Name",male,33.7623368028843,1,0,TICKET_504,19.795678464803043,,S
505,0,3,"Passenger_505, Miss. Sample Name",female,17.96074896113613,0,1,TICKET_505,6.338635164067452,,S
506,1,1,"Passenger_506, Mr. Sample Name",male,,1,2,TICKET_506,46.940869046197186,C91,S
507,0,3,"Passenger_507, Master. Sample Name",male,22.829329467471716,0,0,TICKET_507,22.2309476747197,,S
508,1,3,"Passenger_508, Mr. Sample Name",male,29.49044207226495,1,0,TICKET_508,14.51695395320341,C10,S
509,1,3,"Passenger_509, Miss. Sample Name",female,37.62112159605364,0,1,TICKET_509,0.0,,C
510,1,3,"Passenger_510, Master. Sample Name",male,29.793122912258596,1,1,TICKET_510,35.47725309549736,,S
511,0,3,"Passenger_511, Master. Sample Name",male,23.372404587364755,4,0,TICKET_511,24.736862407565198,,S
512,0,2,"Passenger_512, Master. Sample Name",male,28.11065784307545,0,0,TICKET_512,20.564394857675286,,C
513,1,3,"Passenger_513, Mrs. Sample Name",female,,0,0,TICKET_513,9.71798821840042,,Q
514,0,3,"Passenger_514, Mrs. Sample Name",female,24.33484006670915,1,0,TICKET_514,15.384110290360994,C65,S
515,1,1,"Passenger_515, Mr. Sample Name",male,25.947457091327014,0,0,TICKET_515,125.40160793259417,,C
516,0,1,"Passenger_516, Mrs. Sample Name",female,52.8803839723184,1,0,TICKET_516,0.0,,S
517,1,2,"Passenger_517, Mrs. Sample Name",female,37.83333199514796,0,0,TICKET_517,51.685245642286304,,S
518,0,3,"Passenger_518, Master. Sample Name",male,25.415535388577176,0,0,TICKET_518,3.5213882899969615,,S
519,1,3,"Passenger_519, Mrs. Sample Name",female,39.80583886540567,3,0,TICKET_519,12.977132404134913,,C
520,1,1,"Passenger_520, Mr. Sample Name",male,24.859617398537857,0,0,TICKET_520,86.78935062233168,,S
521,0,3,"Passenger_521, Master. Sample Name",male,46.7103072450063,1,0,TICKET_521,36.96220262426621,,S
522,0,2,"Passenger_522, Mr. Sample Name",male,35.05981178687236,0,0,TICKET_522,18.67814238489958,,S
523,1,3,"Passenger_523, Mr. Sample Name",male,,0,0,TICKET_523,32.06208753224355,,S
524,0,3,"Passenger_524, Mr. Sample Name",male,,0,0,TICKET_524,17.880729633533367,C97,S
525,1,3,"Passenger_525, Mrs. Sample Name",female,6.922295795006761,0,0,TICKET_525,1.4573816535286088,C80,S
526,0,3,"Passenger_526, Mr. Sample Name",male,13.361871700807821,1,0,TICKET_526,14.616489617233654,,S
527,1,2,"Passenger_527, Dr. Sample Name",male,,0,2,TICKET_527,18.222369174276317,,S
528,0,2,"Passenger_528, Master. Sample Name",male,31.772674874073747,0,0,TICKET_528,3.7389427264365622,C82,S
529,1,1,"Passenger_529, Miss. Sample Name",female,54.82146749253383,0,2,TICKET_529,112.61782155777934,C47,S
530,0,3,"Passenger_530, Mr. Sample Name",male,62.05385211979316,1,0,TICKET_530,13.26523299819827,,S
531,1,3,"Passenger_531, Master. Sample Name",male,,0,0,TICKET_531,19.677060465502485,C73,C
532,1,3,"Passenger_532, Mr. Sample Name",male,36.96224488669463,1,2,TICKET_532,15.320233355179777,,S
533,0,3,"Passenger_533, Mr. Sample Name",male,3.584662854785286,0,0,TICKET_533,5.186765235831157,,S
534,1,3,"Passenger_534, Mrs. Sample Name",female,21.831229903856684,0,0,TICKET_534,22.220007907483776,,S
535,0,3,"Passenger_535, Mrs. Sample Name",female,,1,0,TICKET_535,5.507220636957052,C71,S
536,1,3,"Passenger_536, Mr. Sample Name",male,20.697709825358817,0,0,TICKET_536,0.0,,Q
537,1,3,"Passenger_537, Mrs. Sample Name",female,27.26191463052055,0,0,TICKET_537,14.543835375450602,,S
538,1,2,"Passenger_538, Mr. Sample Name",male,22.85468662339165,0,0,TICKET_538,11.688894091490154,,C
539,1,3,"Passenger_539, Mrs. Sample Name",female,1.0001527495510771,0,0,TICKET_539,17.585566052759617,,S
540,0,1,"Passenger_540, Mr. Sample Name",male,40.544698713704236,1,0,TICKET_540,243.90973887517714,,S
541,0,3,"Passenger_541, Mr. Sample Name",male,14.145226126772805,0,3,TICKET_541,37.332876317776694,C92,S
542,0,3,"Passenger_542, Mr. Sample Name",male,33.169079529611665,1,0,TICKET_542,11.018524933337924,,S
543,1,1,"Passenger_543, Mrs. Sample Name",female,59.77419871137461,0,0,TICKET_543,17.87878630031554,,S
544,1,3,"Passenger_544, Mr. Sample Name",male,16.36892342199686,0,1,TICKET_544,20.016199383015064,,S
545,1,3,"Passenger_545, Mr. Sample Name",male,0.42,2,0,TICKET_545,8.557292897603746,,C
546,1,2,"Passenger_546, Mr. Sample Name",male,25.552938782738394,0,0,TICKET_546,25.87664783520414,,Q
547,1,1,"Passenger_547, Miss. Sample Name",female,45.66391470747928,0,0,TICKET_547,31.131139021851652,C82,S
548,0,3,"Passenger_548, Dr. Sample Name",male,58.09603808619861,0,0,TICKET_548,16.008308992273026,,S
549,1,3,"Passenger_549, Mrs. Sample Name",female,11.871530880439956,0,0,TICKET_549,3.256310172478285,,S
550,1,3,"Passenger_550, Mrs. Sample Name",female,36.902138736929565,0,1,TICKET_550,27.211040992377598,,S
551,0,3,"Passenger_551, Mr. Sample Name",male,22.952998376689226,0,3,TICKET_551,5.920267710968651,,S
552,0,3,"Passenger_552, Mrs. Sample Name",female,,0,0,TICKET_552,20.93323042881963,C78,S
553,0,3,"Passenger_553, Mr. Sample Name",male,68.04297853174701,0,0,TICKET_553,0.0,,S
554,1,3,"Passenger_554, Mrs. Sample Name",female,,0,0,TICKET_554,22.374086279328292,,C
555,0,3,"Passenger_555, Mr. Sample Name",male,33.379225091671316,0,0,TICKET_555,1.4033911687815959,C31,C
556,1,2,"Passenger_556, Miss. Sample Name",female,36.48155099059878,0,2,TICKET_556,23.917652104617638,,S
557,1,1,"Passenger_557, Miss. Sample Name",female,,0,0,TICKET_557,165.8560778678389,C82,Q
558,1,1,"Passenger_558, Miss. Sample Name",female,31.12075572532798,2,0,TICKET_558,68.00136811545765,,Q
559,1,3,"Passenger_559, Miss. Sample Name",female,34.166732822809486,0,1,TICKET_559,0.6499970710488014,,C
560,0,3,"Passenger_560, Mr. Sample Name",male,24.02109577238403,1,0,TICKET_560,18.961750085631056,C10,S
561,0,3,"Passenger_561, Master. Sample Name",male,33.60234064805405,0,0,TICKET_561,2.908223212161424,,S
562,1,1,"Passenger_562, Mrs. Sample Name",female,,0,0,TICKET_562,51.6603520642217,,S
563,1,1,"Passenger_563, Mr. Sample Name",male,38.71279240291274,0,1,TICKET_563,105.23701275965819,C13,S
564,1,1,"Passenger_564, Master. Sample Name",male,24.340650127367308,0,0,TICKET_564,192.8540828886164,,S
565,1,2,"Passenger_565, Miss. Sample Name",female,35.167955711581705,0,1,TICKET_565,20.39830030699203,,S
566,1,3,"Passenger_566, Miss. Sample Name",female,,0,0,TICKET_566,13.274290118141483,,C
567,1,2,"Passenger_567, Mrs. Sample Name",female,,0,1,TICKET_567,31.06269340434277,C92,C
568,1,2,"Passenger_568, Dr. Sample Name",male,28.95479100796695,2,1,TICKET_568,20.75557845009495,,S
569,1,3,"Passenger_569, Miss. Sample Name",female,3.9910292110002175,0,0,TICKET_569,20.626362397994775,,S
570,1,2,"Passenger_570, Mr. Sample Name",male,47.997861760352876,0,0,TICKET_570,36.17800319094421,C57,S
571,1,3,"Passenger_571, Mrs. Sample Name",female,16.566881637492024,1,0,TICKET_571,9.067154196784006,,S
572,0,3,"Passenger_572, Mr. Sample Name",male,20.220388089592113,0,0,TICKET_572,0.0,C52,S
573,1,2,"Passenger_573, Miss. Sample Name",female,,0,0,TICKET_573,7.731093596218004,,C
574,1,3,"Passenger_574, Mrs. Sample Name",female,49.62935235097685,1,0,TICKET_574,27.504184130023635,,Q
575,1,3,"Passenger_575, Mr. Sample Name",male,0.42,1,0,TICKET_575,12.59482262322815,,Q
576,0,3,"Passenger_576, Mrs. Sample Name",female,75.1973537380699,1,0,TICKET_576,8.930436748865212,,Q
577,0,1,"Passenger_577, Mr. Sample Name",male,45.01282373145775,0,0,TICKET_577,177.3427994562566,,S
578,1,3,"Passenger_578, Miss. Sample Name",female,,0,0,TICKET_578,11.78410100524125,,Q
579,1,3,"Passenger_579, Mrs. Sample Name",female,,2,0,TICKET_579,0.0,C67,Q
580,1,2,"Passenger_580, Dr. Sample Name",male,,0,1,TICKET_580,0.0,C36,S
581,1,3,"Passenger_581, Miss. Sample Name",female,37.25627521150041,0,0,TICKET_581,18.02377624980287,,S
582,1,3,"Passenger_582, Miss. Sample Name",female,39.05562599627582,0,0,TICKET_582,12.197308700863283,,Q
583,1,3,"Passenger_583, Mr. Sample Name",male,37.756264757050005,0,2,TICKET_583,30.455877745950666,,C
584,1,2,"Passenger_584, Mr. Sample Name",male,30.998919878201107,0,0,TICKET_584,9.000969742937349,,S
585,0,3,"Passenger_585, Mrs. Sample Name",female,26.83859290554377,0,2,TICKET_585,9.285990855954466,C87,S
586,1,2,"Passenger_586, Mrs. Sample Name",female,27.50653738702408,0,0,TICKET_586,6.732453904099703,,S
587,1,1,"Passenger_587, Mrs. Sample Name",female,,0,0,TICKET_587,42.35246578556378,,S
588,1,1,"Passenger_588, Miss. Sample Name",female,,1,0,TICKET_588,0.0,,S
589,1,1,"Passenger_589, Mr. Sample Name",male,38.30657247307249,0,0,TICKET_589,53.14522687595746,C65,S
590,1,1,"Passenger_590, Mrs. Sample Name",female,0.42,0,0,TICKET_590,79.85049089840784,,S
591,0,1,"Passenger_591, Mr. Sample Name",male,39.21056125968153,0,0,TICKET_591,73.09353260274528,,S
592,1,3,"Passenger_592, Mr. Sample Name",male,32.52367482342223,0,0,TICKET_592,38.794639164793715,,C
593,1,1,"Passenger_593, Rev. Sample Name",male,29.42872303153449,0,0,TICKET_593,230.6787661741585,,S
594,0,2,"Passenger_594, Mr. Sample Name",male,,0,0,TICKET_594,8.736507935583719,,S
595,0,3,"Passenger_595, Mr. Sample Name",male,45.99963443979719,1,0,TICKET_595,0.0,C94,C
596,1,3,"Passenger_596, Mr. Sample Name",male,43.43913370078144,2,0,TICKET_596,11.809595764821319,,S
597,1,3,"Passenger_597, Mrs. Sample Name",female,,0,0,TICKET_597,17.51812165804745,,S
598,0,1,"Passenger_598, Mr. Sample Name",male,35.602258163305756,0,2,TICKET_598,15.161274129373183,,S
599,1,1,"Passenger_599, Mr. Sample Name",male,15.610977349151353,0,0,TICKET_599,19.121949285942165,,S
600,1,1,"Passenger_600, Mr. Sample Name",male,9.695536610560506,1,2,TICKET_600,210.6043975450026,,S
601,0,1,"Passenger_601, Mr. Sample Name",male,20.612600243445506,1,1,TICKET_601,63.39587430837568,,S
602,0,2,"Passenger_602, Mr. Sample Name",male,,0,0,TICKET_602,29.933752785436077,,Q
603,1,1,"Passenger_603, Master. Sample Name",male,43.520313157953254,0,0,TICKET_603,9.575544171644395,,S
604,0,1,"Passenger_604, Mr. Sample Name",male,37.13973859141075,1,0,TICKET_604,79.44476330201655,C26,S
605,1,1,"Passenger_605, Miss. Sample Name",female,,0,0,TICKET_605,57.09293170923898,,S
606,0,3,"Passenger_606, Mr. Sample Name",male,37.18458516316689,0,0,TICKET_606,4.895521134360543,,S
607,1,1,"Passenger_607, Mr. Sample Name",male,20.39851686926719,0,0,TICKET_607,176.42403292173543,,S
608,0,2,"Passenger_608, Mr. Sample Name",male,35.96287689777214,0,0,TICKET_608,0.0,,S
609,0,3,"Passenger_609, Mrs. Sample Name",female,41.305938115801396,1,0,TICKET_609,16.600681906135474,C2,C
610,1,3,"Passenger_610, Mr. Sample Name",male,40.63722428229683,2,0,TICKET_610,8.738540134114015,C44,S
611,0,1,"Passenger_611, Mr. Sample Name",male,,0,0,TICKET_611,117.18595856286996,,S
612,1,3,"Passenger_612, Mr. Sample Name",male,39.970405784415426,0,1,TICKET_612,8.90108041337971,,S
613,0,3,"Passenger_613, Mr. Sample Name",male,34.795999009352954,0,0,TICKET_613,23.406316743027272,,C
614,1,1,"Passenger_614, Master. Sample Name",male,45.2171784555882,0,0,TICKET_614,8.823792139827859,,Q
615,1,3,"Passenger_615, Mr. Sample Name",male,29.315441740888627,0,0,TICKET_615,26.890638300103742,C58,S
616,0,3,"Passenger_616, Mr. Sample Name",male,,0,0,TICKET_616,12.65436766390694,,S
617,0,1,"Passenger_617, Mr. Sample Name",male,27.33552902281542,0,0,TICKET_617,0.0,,S
618,1,2,"Passenger_618, Mr. Sample Name",male,18.898911650306488,0,0,TICKET_618,30.20323183854235,,S
619,1,3,"Passenger_619, Mrs. Sample Name",female,19.909915012871465,0,0,TICKET_619,10.613803077788187,C77,S
620,1,3,"Passenger_620, Miss. Sample Name",female,,0,0,TICKET_620,0.0,,S
621,1,1,"Passenger_621, Miss. Sample Name",female,18.209911145500563,0,2,TICKET_621,110.59744670070961,,C
622,1,1,"Passenger_622, Miss. Sample Name",female,25.234557820233917,0,2,TICKET_622,164.527657222216,C68,S
623,0,2,"Passenger_623, Mr. Sample Name",male,,3,0,TICKET_623,39.23203610540196,,Q
624,1,3,"Passenger_624, Mr. Sample Name",male,32.79275875690761,0,0,TICKET_624,8.459777408802804,,S
625,0,3,"Passenger_625, Mr. Sample Name",male,29.71747939275225,0,0,TICKET_625,14.743816663908854,,S
626,1,2,"Passenger_626, Mr. Sample Name",male,17.852214849511235,1,0,TICKET_626,20.75804514189367,C18,S
627,1,3,"Passenger_627, Mrs. Sample Name",female,39.25906219226987,5,0,TICKET_627,30.87763157885624,,S
628,0,3,"Passenger_628, Mr. Sample Name",male,43.29476699558509,0,0,TICKET_628,3.2741370115201995,,S
629,1,1,"Passenger_629, Mrs. Sample Name",female,6.390381966649873,1,2,TICKET_629,46.82724382363667,,S
630,1,2,"Passenger_630, Mr. Sample Name",male,18.64049071078989,0,0,TICKET_630,7.479195358252905,,C
631,1,3,"Passenger_631, Mrs. Sample Name",female,18.547435928084177,0,0,TICKET_631,0.0,,S
632,1,3,"Passenger_632, Master. Sample Name",male,,0,0,TICKET_632,15.973446172624984,,C
633,1,3,"Passenger_633, Mr. Sample Name",male,41.727385208010354,0,0,TICKET_633,32.21557998133105,,S
634,0,3,"Passenger_634, Rev. Sample Name",male,,1,0,TICKET_634,10.618186497819268,C39,C
635,1,1,"Passenger_635, Mr. Sample Name",male,25.864534800996143,0,3,TICKET_635,13.448270276549252,,C
636,1,2,"Passenger_636, Mr. Sample Name",male,0.6439957161020722,0,0,TICKET_636,22.802895533481028,C61,S
637,0,3,"Passenger_637, Mr. Sample Name",male,,0,0,TICKET_637,20.069418145271868,,S
638,1,2,"Passenger_638, Mrs. Sample Name",female,11.730753274624647,0,0,TICKET_638,17.654552938451417,,S
639,1,2,"Passenger_639, Master. Sample Name",male,30.56902313886176,0,0,TICKET_639,41.053029979312655,C52,C
640,0,2,"Passenger_640, Mr. Sample Name",male,33.72196560039378,1,0,TICKET_640,7.814571585687171,C8,S
641,1,1,"Passenger_641, Rev. Sample Name",male,49.429549639660436,1,0,TICKET_641,61.04242907901098,,C
642,0,2,"Passenger_642, Miss. Sample Name",female,,1,0,TICKET_642,24.43981857264443,,S
643,1,1,"Passenger_643, Master. Sample Name",male,0.42,1,1,TICKET_643,115.43710020942616,,S
644,1,2,"Passenger_644, Mr. Sample Name",male,32.365818398928575,0,0,TICKET_644,20.708421384472413,C65,S
645,0,1,"Passenger_645, Mr. Sample Name",male,55.80741213190738,1,0,TICKET_645,0.0,,S
646,0,3,"Passenger_646, Mr. Sample Name",male,47.66472211762184,0,0,TICKET_646,41.05613685047595,,S
647,1,3,"Passenger_647, Mrs. Sample Name",female,32.740061521482076,0,1,TICKET_647,10.1683610194468,,S
648,0,3,"Passenger_648, Mr. Sample Name",male,22.571275308335313,0,0,TICKET_648,14.32321022301588,C24,S
649,0,3,"Passenger_649, Mr. Sample Name",male,41.403277651241,0,0,TICKET_649,20.401133118075766,C21,S
650,1,3,"Passenger_650, Miss. Sample Name",female,15.583580104285204,0,0,TICKET_650,5.361935648205647,,S
651,1,1,"Passenger_651, Mr. Sample Name",male,36.60718765566518,0,0,TICKET_651,88.55411366966209,,C
652,0,3,"Passenger_652, Dr. Sample Name",male,,1,0,TICKET_652,4.873717148160466,,S
653,0,3,"Passenger_653, Master. Sample Name",male,45.07304365873375,0,1,TICKET_653,17.986608897690772,,S
654,1,3,"Passenger_654, Mrs. Sample Name",female,69.71507056421062,0,0,TICKET_654,9.687728217333166,,S
655,1,2,"Passenger_655, Master. Sample Name",male,35.39003152409212,2,0,TICKET_655,24.030777909570027,,C
656,1,1,"Passenger_656, Mrs. Sample Name",female,,0,0,TICKET_656,0.27701228115186893,,C
657,0,2,"Passenger_657, Master. Sample Name",male,29.32917247321608,0,1,TICKET_657,7.5662534899069165,,S
658,1,2,"Passenger_658, Mr. Sample Name",male,4.048399379107785,0,0,TICKET_658,0.0,,S
659,0,3,"Passenger_659, Mr. Sample Name",male,19.626659599208658,0,0,TICKET_659,4.4736390480855075,,C
660,1,3,"Passenger_660, Mrs. Sample Name",female,23.765404647359993,0,0,TICKET_660,0.0,,S
661,1,2,"Passenger_661, Mr. Sample Name",male,22.10071822994841,0,0,TICKET_661,15.393496914682597,,S
662,1,3,"Passenger_662, Mrs. Sample Name",female,31.90914564448897,0,0,TICKET_662,6.589116736444884,,S
663,1,3,"Passenger_663, Mrs. Sample Name",female,,0,0,TICKET_663,14.810931563500834,,C
664,1,1,"Passenger_664, Mr. Sample Name",male,45.95494467620483,0,0,TICKET_664,87.56861795474315,,Q
665,1,1,"Passenger_665, Master. Sample Name",male,29.703002441313856,0,0,TICKET_665,184.56638147848562,,S
666,1,1,"Passenger_666, Mr. Sample Name",male,29.56514534349009,0,0,TICKET_666,291.5448147819289,,C
667,1,2,"Passenger_667, Mr. Sample Name",male,,1,0,TICKET_667,37.063085197259525,,Q
668,1,1,"Passenger_668, Miss. Sample Name",female,31.950264915955195,0,0,TICKET_668,47.75139284999297,,S
669,0,1,"Passenger_669, Miss. Sample Name",female,41.6639248376807,0,1,TICKET_669,44.528740023208805,,S
670,1,2,"Passenger_670, Dr. Sample Name",male,,1,2,TICKET_670,33.02994563533573,C40,Q
671,1,1,"Passenger_671, Mr. Sample Name",male,20.15731090840878,0,3,TICKET_671,0.0,,C
672,1,3,"Passenger_672, Mrs. Sample Name",female,,0,1,TICKET_672,9.217564886038254,C6,C
673,1,1,"Passenger_673, Mr. Sample Name",male,10.184871609638382,0,0,TICKET_673,64.94776519649136,C35,Q
674,1,3,"Passenger_674, Mrs. Sample Name",female,17.82076103403828,1,0,TICKET_674,20.009577817825736,,S
675,0,2,"Passenger_675, Master. Sample Name",male,22.794797333602443,1,0,TICKET_675,29.207995192111706,,S
676,1,3,"Passenger_676, Mrs. Sample Name",female,42.378643120334544,0,0,TICKET_676,4.06527351528365,C23,S
677,1,1,"Passenger_677, Dr. Sample Name",male,33.50713927052791,1,0,TICKET_677,50.85018706358528,,S
678,0,2,"Passenger_678, Mr. Sample Name",male,32.50705371482939,0,0,TICKET_678,26.6765638224906,,S
679,0,3,"Passenger_679, Dr. Sample Name",male,42.0380204514356,0,0,TICKET_679,3.4129521289748226,,Q
680,0,3,"Passenger_680, Mr. Sample Name",male,27.70810906820875,0,0,TICKET_680,27.473421217291396,,S
681,1,3,"Passenger_681, Master. Sample Name",male,35.361740323968895,0,0,TICKET_681,20.310102801282895,,S
682,0,2,"Passenger_682, Miss. Sample Name",female,28.203284582478805,1,2,TICKET_682,22.57264322292265,,S
683,1,1,"Passenger_683, Miss. Sample Name",female,,0,0,TICKET_683,115.27524786247356,,C
684,0,3,"Passenger_684, Mr. Sample Name",male,21.24999946463206,0,0,TICKET_684,7.397312596710402,,S
685,0,3,"Passenger_685, Mr. Sample Name",male,0.42,2,2,TICKET_685,5.484502933748576,,S
686,1,3,"Passenger_686, Mr. Sample Name",male,27.75295214829859,0,0,TICKET_686,7.903333406335348,,S
687,0,3,"Passenger_687, Mr. Sample Name",male,,0,0,TICKET_687,18.999600307118193,,C
688,1,2,"Passenger_688, Mr. Sample Name",male,43.13012333250309,0,0,TICKET_688,23.015224710629802,,S
689,0,3,"Passenger_689, Mr. Sample Name",male,,1,0,TICKET_689,7.92742648368748,,S
690,1,1,"Passenger_690, Mr. Sample Name",male,47.62389546619016,1,1,TICKET_690,143.96653946461242,,S
691,0,2,"Passenger_691, Mr. Sample Name",male,30.98553506894084,0,0,TICKET_691,17.390803664957694,C42,S
692,0,2,"Passenger_692, Mr. Sample Name",male,32.561077757381135,0,0,TICKET_692,9.600338816162479,C91,C
693,1,3,"Passenger_693, Mr. Sample Name",male,,0,0,TICKET_693,16.052098111582247,,Q
694,1,2,"Passenger_694, Mrs. Sample Name",female,25.11694358760778,1,0,TICKET_694,4.8045573256574325,,S
695,1,1,"Passenger_695, Mr. Sample Name",male,38.62868167168155,0,2,TICKET_695,0.0,,S
696,1,3,"Passenger_696, Mrs. Sample Name",female,47.15632433894783,0,0,TICKET_696,12.938745093216832,,S
697,1,2,"Passenger_697, Mr. Sample Name",male,27.678029002625507,2,0,TICKET_697,10.138793094336746,,S
698,0,3,"Passenger_698, Master. Sample Name",male,23.17225565965453,0,0,TICKET_698,9.950147767961806,,S
699,1,1,"Passenger_699, Miss. Sample Name",female,29.70765540342066,0,0,TICKET_699,6.661366548444022,,C
700,1,3,"Passenger_700, Miss. Sample Name",female,38.417497859472164,0,2,TICKET_700,27.50718567643084,,S
701,1,3,"Passenger_701, Miss. Sample Name",female,8.764105166063644,2,0,TICKET_701,5.06208707286234,C30,S
702,0,1,"Passenger_702, Mr. Sample Name",male,0.42,0,0,TICKET_702,49.440049746335205,,S
703,0,2,"Passenger_703, Mr. Sample Name",male,21.717215682372036,0,0,TICKET_703,25.668249013748515,,S
704,1,1,"Passenger_704, Mrs. Sample Name",female,11.999669824244698,0,1,TICKET_704,0.0,,S
705,1,1,"Passenger_705, Mr. Sample Name",male,22.33196713411399,0,0,TICKET_705,0.0,,C
706,1,3,"Passenger_706, Mr. Sample Name",male,27.557185377146663,0,1,TICKET_706,17.571434028320954,C14,S
707,0,2,"Passenger_707, Mr. Sample Name",male,23.127898069166307,0,0,TICKET_707,13.325785543067457,,C
708,0,3,"Passenger_708, Mr. Sample Name",male,50.7607792498258,5,2,TICKET_708,2.182058717270131,,S
709,0,2,"Passenger_709, Mrs. Sample Name",female,34.43779908673364,0,0,TICKET_709,29.050597594209805,,Q
710,0,3,"Passenger_710, Mr. Sample Name",male,34.05687821435701,0,0,TICKET_710,3.2569400907040844,,S
711,1,3,"Passenger_711, Mr. Sample Name",male,38.72200358862933,0,0,TICKET_711,9.705852405412905,,S
712,0,3,"Passenger_712, Mr. Sample Name",male,13.186919792178848,0,0,TICKET_712,2.246434384329845,,S
713,0,3,"Passenger_713, Mr. Sample Name",male,,1,2,TICKET_713,16.641246234997887,,Q
714,1,2,"Passenger_714, Mr. Sample Name",male,28.60141784523583,0,1,TICKET_714,39.98114289075161,,S
715,1,2,"Passenger_715, Mr. Sample Name",male,39.42196894999758,0,0,TICKET_715,0.0,,S
716,0,3,"Passenger_716, Master. Sample Name",male,14.158070120917746,0,0,TICKET_716,14.351892265007749,,S
717,0,3,"Passenger_717, Mrs. Sample Name",female,7.170497892767067,0,0,TICKET_717,23.279061302636208,,C
718,0,3,"Passenger_718, Mr. Sample Name",male,,0,0,TICKET_718,7.942267032330723,,S
719,0,1,"Passenger_719, Mr. Sample Name",male,35.15793812841399,0,0,TICKET_719,0.0,,S
720,1,3,"Passenger_720, Miss. Sample Name",female,16.6202524618161,1,0,TICKET_720,18.051562325528845,,Q
721,1,3,"Passenger_721, Miss. Sample Name",female,17.08988532151693,2,0,TICKET_721,25.0198420405252,,S
722,0,1,"Passenger_722, Mr. Sample Name",male,46.01880437401415,0,0,TICKET_722,155.2417742116375,,S
723,0,1,"Passenger_723, Mr. Sample Name",male,12.453527553423747,2,0,TICKET_723,113.27274703318619,,S
724,0,3,"Passenger_724, Master. Sample Name",male,53.51875782221147,0,0,TICKET_724,14.174964851303702,,S
725,1,3,"Passenger_725, Miss. Sample Name",female,16.640999347605902,0,0,TICKET_725,2.2118493353883864,C52,S
726,1,3,"Passenger_726, Miss. Sample Name",female,38.95668292132155,0,3,TICKET_726,23.382939404127306,,S
727,1,1,"Passenger_727, Mrs. Sample Name",female,24.93503210163972,0,0,TICKET_727,148.7965450682006,,S
728,0,3,"Passenger_728, Mr. Sample Name",male,38.446217750693975,0,0,TICKET_728,0.0,,S
729,1,1,"Passenger_729, Mrs. Sample Name",female,21.810346969344206,0,0,TICKET_729,113.15837822771928,,S
730,1,1,"Passenger_730, Mr. Sample Name",male,27.339502861951733,0,1,TICKET_730,136.22591004158284,,S
731,0,1,"Passenger_731, Master. Sample Name",male,,0,0,TICKET_731,154.56910176604055,,C
732,0,3,"Passenger_732, Mr. Sample Name",male,15.168281891168645,0,0,TICKET_732,12.100124570473353,,S
733,1,3,"Passenger_733, Miss. Sample Name",female,40.441953008591824,1,0,TICKET_733,2.709189110246271,C86,S
734,0,3,"Passenger_734, Mr. Sample Name",male,22.258403286162014,0,0,TICKET_734,6.974605841631458,,Q
735,1,2,"Passenger_735, Mrs. Sample Name",female,,0,0,TICKET_735,4.891252123160578,,n
736,0,3,"Passenger_736, Mr. Sample Name",male,,0,1,TICKET_736,12.387272018620212,C13,S
737,0,2,"Passenger_737, Master. Sample Name",male,,0,1,TICKET_737,16.296719051469644,,S
738,1,3,"Passenger_738, Master. Sample Name",male,26.930097442297548,1,0,TICKET_738,38.74043704922448,C51,S
739,1,2,"Passenger_739, Mr. Sample Name",male,64.68292361338727,0,0,TICKET_739,33.42015713657197,,S
740,1,2,"Passenger_740, Miss. Sample Name",female,41.07676217452135,0,2,TICKET_740,34.543221003336456,C11,C
741,1,3,"Passenger_741, Mr. Sample Name",male,,1,0,TICKET_741,18.656229889932746,,S
742,1,2,"Passenger_742, Miss. Sample Name",female,25.888082976480117,0,1,TICKET_742,14.49023529997223,C74,S
743,0,3,"Passenger_743, Miss. Sample Name",female,30.02575544577467,0,0,TICKET_743,9.695320494183115,,S
744,1,3,"Passenger_744, Miss. Sample Name",female,37.63322717004054,0,2,TICKET_744,10.793568402200552,,Q
745,1,1,"Passenger_745, Mr. Sample Name",male,12.57821417802175,1,0,TICKET_745,99.05866181609072,C88,S
746,0,3,"Passenger_746, Mr. Sample Name",male,45.857664572698646,0,2,TICKET_746,17.67003772268138,,Q
747,0,2,"Passenger_747, Mr. Sample Name",male,40.07302907389804,0,0,TICKET_747,20.01062941520783,,S
748,1,3,"Passenger_748, Mrs. Sample Name",female,40.11369302276505,0,0,TICKET_748,9.512818271882402,C12,S
749,1,3,"Passenger_749, Mrs. Sample Name",female,36.057898212741044,0,2,TICKET_749,5.870612434144185,,S
750,1,3,"Passenger_750, Master. Sample Name",male,29.98444153656285,0,0,TICKET_750,0.0,,Q
751,1,1,"Passenger_751, Mrs. Sample Name",female,39.456487921518885,0,0,TICKET_751,186.6703332037321,,S
752,0,3,"Passenger_752, Dr. Sample Name",male,,0,0,TICKET_752,39.46635481918497,,S
753,1,3,"Passenger_753, Mr. Sample Name",male,24.566409691355155,2,1,TICKET_753,27.392041371139012,,S
754,0,2,"Passenger_754, Mr. Sample Name",male,21.382774292994938,1,2,TICKET_754,1.1140156110388055,,S
755,1,1,"Passenger_755, Mrs. Sample Name",female,31.176916281298805,0,0,TICKET_755,146.96132557127135,,S
756,0,3,"Passenger_756, Mr. Sample Name",male,,1,1,TICKET_756,25.285315619449797,,S
757,0,3,"Passenger_757, Mrs. Sample Name",female,,0,0,TICKET_757,8.158747616543703,,S
758,1,3,"Passenger_758, Mrs. Sample Name",female,,0,0,TICKET_758,18.867126875668347,,S
759,1,3,"Passenger_759, Mrs. Sample Name",female,32.08903219792949,0,0,TICKET_759,7.5243636097285655,,C
760,0,3,"Passenger_760, Mr. Sample Name",male,,1,0,TICKET_760,31.34714793776488,,S
761,1,1,"Passenger_761, Mr. Sample Name",male,,1,0,TICKET_761,113.22967377722512,,S
762,0,2,"Passenger_762, Mr. Sample Name",male,33.23732136967325,0,3,TICKET_762,6.242667629434273,,C
763,1,2,"Passenger_763, Mr. Sample Name",male,26.463567307795326,2,0,TICKET_763,30.047121470140073,,S
764,1,3,"Passenger_764, Mr. Sample Name",male,51.30301985973019,0,0,TICKET_764,25.70536808188297,,S
765,1,1,"Passenger_765, Miss. Sample Name",female,,1,3,TICKET_765,99.85053209087005,,S
766,1,3,"Passenger_766, Mr. Sample Name",male,17.686793140686433,3,0,TICKET_766,18.75330030091922,,S
767,0,3,"Passenger_767, Master. Sample Name",male,28.202805977838814,0,1,TICKET_767,12.162958849254426,,C
768,1,3,"Passenger_768, Mr. Sample Name",male,,1,0,TICKET_768,0.0,,S
769,0,2,"Passenger_769, Mr. Sample Name",male,27.150111135734967,0,1,TICKET_769,17.723993623692383,,C
770,1,3,"Passenger_770, Mr. Sample Name",male,53.79131740305626,0,0,TICKET_770,19.276475595562694,,S
771,1,1,"Passenger_771, Mr. Sample Name",male,30.002854080291446,0,2,TICKET_771,73.75785056134097,,C
772,1,3,"Passenger_772, Miss. Sample Name",female,,0,0,TICKET_772,22.60918512087509,,Q
773,1,1,"Passenger_773, Mr. Sample Name",male,11.427610904997586,2,0,TICKET_773,52.625475104193264,,S
774,1,2,"Passenger_774, Mrs. Sample Name",female,,0,0,TICKET_774,15.10113758823759,,S
775,1,3,"Passenger_775, Mrs. Sample Name",female,,0,0,TICKET_775,22.97343997592685,C17,S
776,0,1,"Passenger_776, Mr. Sample Name",male,25.093131097034608,1,0,TICKET_776,101.7482013442436,C53,S
777,1,1,"Passenger_777, Mrs. Sample Name",female,48.283835027554645,2,0,TICKET_777,51.06227350755265,,C
778,0,3,"Passenger_778, Mr. Sample Name",male,37.786520380514304,0,0,TICKET_778,25.405664512103492,C12,Q
779,0,3,"Passenger_779, Mrs. Sample Name",female,13.583859624413037,3,0,TICKET_779,4.735171384593665,,S
780,0,3,"Passenger_780, Master. Sample Name",male,33.27431928726407,0,0,TICKET_780,4.276612491791813,,C
781,1,3,"Passenger_781, Mrs. Sample Name",female,36.92421535320339,1,0,TICKET_781,0.0,,S
782,1,3,"Passenger_782, Mrs. Sample Name",female,46.23216105855836,0,0,TICKET_782,6.352377417070633,,S
783,0,2,"Passenger_783, Mrs. Sample Name",female,52.617839955241415,0,0,TICKET_783,39.63075018383424,C53,S
784,1,2,"Passenger_784, Mrs. Sample Name",female,14.981134218495903,0,0,TICKET_784,0.0,,S
785,1,1,"Passenger_785, Mr. Sample Name",male,17.942566087450096,0,0,TICKET_785,7.846388781662597,C34,S
786,0,3,"Passenger_786, Mr. Sample Name",male,11.465121045738062,0,0,TICKET_786,18.268822670682038,C19,S
787,0,3,"Passenger_787, Mr. Sample Name",male,26.30671204294877,0,0,TICKET_787,0.0,,Q
788,1,2,"Passenger_788, Master. Sample Name",male,,0,1,TICKET_788,12.33952079735353,,C
789,1,3,"Passenger_789, Miss. Sample Name",female,44.016350490541974,1,0,TICKET_789,26.690358587328955,,S
790,0,3,"Passenger_790, Mr. Sample Name",male,28.59871015718342,0,0,TICKET_790,37.51630962218787,C81,S
791,1,1,"Passenger_791, Mrs. Sample Name",female,25.062210912804762,0,0,TICKET_791,107.21972525336258,,S
792,1,3,"Passenger_792, Mr. Sample Name",male,,0,0,TICKET_792,1.8823957811065952,C20,S
793,1,3,"Passenger_793, Miss. Sample Name",female,17.590427926364665,0,0,TICKET_793,1.4784551362206102,,C
794,1,3,"Passenger_794, Mr. Sample Name",male,,1,0,TICKET_794,14.738895631970848,,S
795,1,1,"Passenger_795, Mrs. Sample Name",female,6.388915106788147,1,0,TICKET_795,106.47706569320792,,S
796,1,3,"Passenger_796, Mrs. Sample Name",female,32.378738393988,0,0,TICKET_796,35.29514512069899,C27,C
797,0,3,"Passenger_797, Mr. Sample Name",male,,0,0,TICKET_797,24.649658230446434,C1,S
798,1,3,"Passenger_798, Mr. Sample Name",male,29.798597746119967,1,0,TICKET_798,14.009277854661887,C9,C
799,0,3,"Passenger_799, Miss. Sample Name",female,26.94443399247833,0,0,TICKET_799,8.977512960886976,,S
800,0,3,"Passenger_800, Mr. Sample Name",male,24.517041369248805,1,0,TICKET_800,49.17654051162652,,S
801,0,3,"Passenger_801, Mr. Sample Name",male,27.084320614445087,0,3,TICKET_801,20.519137599950746,C9,S
802,0,1,"Passenger_802, Mr. Sample Name",male,49.606302882809686,1,0,TICKET_802,30.4998629137964,,S
803,0,3,"Passenger_803, Mr. Sample Name",male,0.42,0,0,TICKET_803,10.304524916902269,,S
804,0,3,"Passenger_804, Mr. Sample Name",male,51.93478866879672,0,2,TICKET_804,2.470543119962798,,S
805,0,2,"Passenger_805, Mr. Sample Name",male,9.052621289472896,2,0,TICKET_805,0.0,,S
806,0,3,"Passenger_806, Mr. Sample Name",male,,0,0,TICKET_806,16.751811894487872,,S
807,0,3,"Passenger_807, Mr. Sample Name",male,23.4759559056694,0,1,TICKET_807,34.38945059868777,,S
808,1,3,"Passenger_808, Mrs. Sample Name",female,38.23402241167544,0,1,TICKET_808,0.0,,C
809,0,3,"Passenger_809, Dr. Sample Name",male,,0,0,TICKET_809,13.663151150548213,C4,S
810,1,1,"Passenger_810, Mrs. Sample Name",female,36.40150365818817,0,0,TICKET_810,27.447617668992237,,S
811,0,3,"Passenger_811, Mr. Sample Name",male,59.05248953765936,0,0,TICKET_811,19.25803030683823,,C
812,1,3,"Passenger_812, Mr. Sample Name",male,,0,2,TICKET_812,10.932038119305208,,S
813,1,1,"Passenger_813, Mr. Sample Name",male,32.45073943035074,0,0,TICKET_813,0.0,,S
814,1,3,"Passenger_814, Mr. Sample Name",male,20.10125842194917,1,0,TICKET_814,1.2267554326031735,,C
815,0,3,"Passenger_815, Mr. Sample Name",male,35.87536448979902,0,1,TICKET_815,3.0363936161895086,,S
816,1,3,"Passenger_816, Mr. Sample Name",male,,0,0,TICKET_816,29.131818495846495,C57,S
817,0,3,"Passenger_817, Mr. Sample Name",male,20.39843981885751,0,0,TICKET_817,28.519111323161813,C14,S
818,1,2,"Passenger_818, Mr. Sample Name",male,36.77414813063057,0,0,TICKET_818,15.329781693309537,C96,Q
819,1,1,"Passenger_819, Mrs. Sample Name",female,55.86304759190777,0,0,TICKET_819,182.2242746761077,,S
820,0,2,"Passenger_820, Mr. Sample Name",male,26.93189501995417,0,1,TICKET_820,17.402242409057386,,S
821,1,3,"Passenger_821, Mr. Sample Name",male,40.136490161148636,0,0,TICKET_821,9.080046898597754,,S
822,1,1,"Passenger_822, Mrs. Sample Name",female,10.947542110868124,0,1,TICKET_822,88.56942724409399,,C
823,0,2,"Passenger_823, Mr. Sample Name",male,15.831672536138873,0,0,TICKET_823,24.272379179354544,,C
824,1,2,"Passenger_824, Mr. Sample Name",male,36.549891029265474,0,0,TICKET_824,11.668328107024978,,S
825,1,3,"Passenger_825, Mrs. Sample Name",female,,0,3,TICKET_825,13.262388906186672,,S
826,0,3,"Passenger_826, Mr. Sample Name",male,34.85639355739207,0,0,TICKET_826,22.44787006775828,,Q
827,0,2,"Passenger_827, Mrs. Sample Name",female,,0,0,TICKET_827,21.943094588090705,,Q
828,1,2,"Passenger_828, Miss. Sample Name",female,,0,0,TICKET_828,20.6417435318648,,S
829,1,3,"Passenger_829, Mr. Sample Name",male,,1,1,TICKET_829,18.93016257136954,C19,C
830,0,3,"Passenger_830, Mr. Sample Name",male,,0,0,TICKET_830,21.000472730303315,,S
831,0,1,"Passenger_831, Mr. Sample Name",male,42.49382940368943,0,0,TICKET_831,78.9907345109662,,C
832,0,3,"Passenger_832, Mr. Sample Name",male,23.144690173920335,0,0,TICKET_832,7.309827315062215,,Q
833,0,1,"Passenger_833, Mr. Sample Name",male,22.884388857487227,0,0,TICKET_833,99.13626427793882,,S
834,1,1,"Passenger_834, Mrs. Sample Name",female,33.5552343299547,0,1,TICKET_834,0.0,,S
835,0,3,"Passenger_835, Mr. Sample Name",male,23.367563827411367,0,0,TICKET_835,10.476136053953741,C79,S
836,1,2,"Passenger_836, Mr. Sample Name",male,,1,0,TICKET_836,0.0,,S
837,1,3,"Passenger_837, Mrs. Sample Name",female,60.14596594291447,0,0,TICKET_837,0.0,C22,S
838,1,2,"Passenger_838, Mrs. Sample Name",female,,2,0,TICKET_838,0.0,C13,S
839,1,3,"Passenger_839, Mr. Sample Name",male,24.50406779569228,0,2,TICKET_839,25.568220909436615,,C
840,0,3,"Passenger_840, Mr. Sample Name",male,20.310643818290192,0,0,TICKET_840,13.167781791631898,,S
841,0,1,"Passenger_841, Dr. Sample Name",male,,0,3,TICKET_841,0.0,,S
842,0,3,"Passenger_842, Mr. Sample Name",male,27.072249488337505,0,0,TICKET_842,18.892792521344276,,S
843,1,1,"Passenger_843, Mr. Sample Name",male,20.284090944339322,0,0,TICKET_843,163.09235834932144,,C
844,0,3,"Passenger_844, Mr. Sample Name",male,48.85890846795867,0,2,TICKET_844,19.101826673768485,,S
845,1,1,"Passenger_845, Mrs. Sample Name",female,50.28424356544774,0,0,TICKET_845,68.9031897205931,,S
846,0,2,"Passenger_846, Mr. Sample Name",male,20.993858296788773,2,0,TICKET_846,23.487299276290507,,S
847,0,1,"Passenger_847, Master. Sample Name",male,2.635170705271065,1,3,TICKET_847,156.11972265141858,C65,C
848,0,3,"Passenger_848, Mr. Sample Name",male,44.308948502635374,0,0,TICKET_848,7.36904994804813,,C
849,1,3,"Passenger_849, Mr. Sample Name",male,19.772867526479942,0,0,TICKET_849,13.358403079093906,C55,S
850,1,3,"Passenger_850, Miss. Sample Name",female,,0,0,TICKET_850,9.913683464722826,,Q
851,1,1,"Passenger_851, Mrs. Sample Name",female,1.133494643178384,0,0,TICKET_851,0.0,,S
852,1,3,"Passenger_852, Miss. Sample Name",female,,0,0,TICKET_852,23.99881816773162,,S
853,1,1,"Passenger_853, Mr. Sample Name",male,12.13800702542867,0,0,TICKET_853,248.5817491995208,,S
854,0,3,"Passenger_854, Mr. Sample Name",male,40.296079726464605,0,0,TICKET_854,2.514464545105721,C71,S
855,0,1,"Passenger_855, Mr. Sample Name",male,29.906959483628295,0,1,TICKET_855,161.01441879090393,,S
856,1,1,"Passenger_856, Mr. Sample Name",male,15.86787841874865,3,0,TICKET_856,16.640497619071937,,S
857,0,1,"Passenger_857, Mr. Sample Name",male,23.797973462561682,1,0,TICKET_857,94.62302520616518,,C
858,1,3,"Passenger_858, Mrs. Sample Name",female,39.65161762587216,2,0,TICKET_858,31.09614728547732,,C
859,1,3,"Passenger_859, Mr. Sample Name",male,31.235469570170896,0,0,TICKET_859,6.754732175294668,,S
860,1,1,"Passenger_860, Mr. Sample Name",male,38.17398821685102,0,0,TICKET_860,82.82508684865012,C33,C
861,0,3,"Passenger_861, Mr. Sample Name",male,58.35838847547454,0,1,TICKET_861,0.0,,S
862,0,3,"Passenger_862, Mr. Sample Name",male,7.018496630189755,0,0,TICKET_862,5.029547872645222,,C
863,0,3,"Passenger_863, Mr. Sample Name",male,53.14958233704505,0,1,TICKET_863,0.0,,S
864,1,2,"Passenger_864, Mrs. Sample Name",female,31.213161094086587,0,2,TICKET_864,26.43767179812498,,S
865,0,2,"Passenger_865, Mrs. Sample Name",female,16.667631299314642,0,0,TICKET_865,32.47456338427366,,S
866,0,3,"Passenger_866, Miss. Sample Name",female,10.410452426784648,0,0,TICKET_866,10.340381361150346,,C
867,0,1,"Passenger_867, Mr. Sample Name",male,26.957754333733014,0,0,TICKET_867,106.87095738054339,C13,S
868,1,1,"Passenger_868, Mr. Sample Name",male,43.06392662290466,0,0,TICKET_868,57.941563579964225,C92,Q
869,0,3,"Passenger_869, Mr. Sample Name",male,27.850537754525753,0,1,TICKET_869,21.886544390493235,C57,S
870,1,3,"Passenger_870, Mr. Sample Name",male,51.61174648858653,0,2,TICKET_870,14.553543221502386,,C
871,1,2,"Passenger_871, Mrs. Sample Name",female,8.657952494252395,0,0,TICKET_871,0.0,C66,S
872,1,2,"Passenger_872, Master. Sample Name",male,,0,0,TICKET_872,34.099712271392306,,S
873,0,3,"Passenger_873, Mr. Sample Name",male,11.540295056009771,2,2,TICKET_873,8.325486465002157,,S
874,1,2,"Passenger_874, Rev. Sample Name",male,,0,2,TICKET_874,0.9443079318739329,,S
875,1,1,"Passenger_875, Mr. Sample Name",male,42.55986715641085,1,0,TICKET_875,48.885282212479765,,C
876,1,1,"Passenger_876, Miss. Sample Name",female,23.598953991624725,0,0,TICKET_876,0.0,,S
877,0,3,"Passenger_877, Mr. Sample Name",male,,0,0,TICKET_877,0.0,,S
878,1,3,"Passenger_878, Mr. Sample Name",male,32.58474812854917,0,2,TICKET_878,14.715395321384666,,S
879,1,1,"Passenger_879, Mr. Sample Name",male,36.03270900013589,0,0,TICKET_879,102.13693490724529,,S
880,0,1,"Passenger_880, Master. Sample Name",male,,0,0,TICKET_880,108.51510674041344,,C
881,1,1,"Passenger_881, Miss. Sample Name",female,47.61884178142124,1,0,TICKET_881,84.25678942107982,C51,S
882,1,3,"Passenger_882, Miss. Sample Name",female,14.16972164508879,0,0,TICKET_882,4.685618518335858,,C
883,1,1,"Passenger_883, Miss. Sample Name",female,,0,0,TICKET_883,79.64326884315477,,S
884,1,1,"Passenger_884, Miss. Sample Name",female,46.99135893093064,0,5,TICKET_884,49.02340424416918,,S
885,0,3,"Passenger_885, Mr. Sample Name",male,3.9104800319055038,2,0,TICKET_885,0.0,C87,S
886,1,1,"Passenger_886, Mrs. Sample Name",female,34.33495147582517,0,0,TICKET_886,22.20680071915295,C12,Q
887,0,3,"Passenger_887, Mr. Sample Name",male,22.389392450388762,0,0,TICKET_887,23.674494774028293,C18,S
888,1,1,"Passenger_888, Mr. Sample Name",male,28.517921240026133,0,0,TICKET_888,211.06353216439555,,S
889,1,1,"Passenger_889, Miss. Sample Name",female,34.74130901130587,1,0,TICKET_889,136.10200352949508,,S
890,1,2,"Passenger_890, Mr. Sample Name",male,22.63518582035349,4,0,TICKET_890,43.155466414886206,,C
891,1,3,"Passenger_891, Mrs. Sample Name",female,19.90223285215663,0,0,TICKET_891,14.0246633216195,,Q
